variant,k,train_resubstitution_mean,train_resubstitution_std,train_excluding_self_mean,train_excluding_self_std,test_accuracy_mean,test_accuracy_std
normalized,1,1.0,0.0,0.9538461538461538,0.005688869936503227,0.9508771929824562,0.01718940170374161
normalized,3,0.9841758241758243,0.00344711805304577,0.9693406593406593,0.0058345336054761625,0.9653508771929822,0.012854693762941091
normalized,5,0.9779120879120878,0.003960620063942881,0.9681318681318682,0.005224116186375697,0.9688596491228069,0.015807737974508858
normalized,7,0.9750549450549452,0.004465109814046165,0.9689010989010989,0.005658006884332288,0.9662280701754385,0.016239919808397917
normalized,9,0.9752747252747254,0.004957249920281297,0.9704395604395604,0.0058345336054761625,0.9649122807017543,0.013589415249850589
normalized,11,0.9751648351648352,0.004968199804596626,0.9685714285714285,0.006220207339817519,0.9644736842105261,0.016049275845203506
normalized,13,0.9737362637362637,0.0050823433318009535,0.9657142857142856,0.004835164835164818,0.9666666666666665,0.017234107635428497
normalized,15,0.9698901098901098,0.004117581097845083,0.9637362637362636,0.0039621442587516225,0.9644736842105261,0.01990184439392706
normalized,17,0.9675824175824175,0.0034663319330961425,0.9624175824175824,0.004105833338960294,0.964473684210526,0.018290052159643005
normalized,19,0.9652747252747252,0.0036512632364474923,0.9615384615384615,0.0035777627683735496,0.9600877192982455,0.01829005215964301
normalized,21,0.9645054945054945,0.003424271747446775,0.9609890109890109,0.003535320426845133,0.9578947368421051,0.017009403008478342
normalized,23,0.9627472527472527,0.003960620063942865,0.9596703296703296,0.0038241126684187545,0.957456140350877,0.01647512278157276
normalized,25,0.9626373626373625,0.003931548092307309,0.9587912087912087,0.004045090619627682,0.9583333333333333,0.01729538960800907
normalized,27,0.9615384615384615,0.0044229916038457376,0.9578021978021978,0.0038445836669309744,0.957456140350877,0.0162399198083979
normalized,29,0.96,0.0037168207747885185,0.9569230769230769,0.003139089419139731,0.9535087719298246,0.015716204269446414
normalized,31,0.9585714285714285,0.003424271747446775,0.956043956043956,0.003806705071579978,0.9530701754385966,0.015008718098481293
normalized,33,0.9574725274725274,0.0036297021021788503,0.9553846153846154,0.003813044301735731,0.9526315789473685,0.013418472404191547
normalized,35,0.9568131868131868,0.0034940907902383956,0.9552747252747252,0.0032057037683109733,0.9526315789473685,0.013418472404191547
normalized,37,0.9564835164835165,0.003584506907758282,0.9554945054945054,0.003175424896000002,0.9530701754385966,0.015008718098481293
normalized,39,0.9563736263736263,0.0033529991873389947,0.9553846153846154,0.0033403701436419304,0.9535087719298245,0.013332179082079542
normalized,41,0.9562637362637363,0.0032524502388898537,0.9543956043956043,0.003861820525451808,0.9535087719298246,0.014440418976451166
normalized,43,0.9551648351648352,0.0033619908880831825,0.9541758241758241,0.0040091068894406254,0.9526315789473685,0.013980155658341433
normalized,45,0.9553846153846154,0.003267267856553549,0.9537362637362637,0.004080757061016984,0.9526315789473682,0.014520127506356888
normalized,47,0.9548351648351648,0.003960620063942905,0.952967032967033,0.003894515416850441,0.951754385964912,0.014546599957699129
normalized,49,0.9541758241758241,0.0036956421364396455,0.9524175824175825,0.004068902984961271,0.9504385964912277,0.013945713241740921
normalized,51,0.9546153846153846,0.0038867558645774808,0.9526373626373627,0.004139518286118133,0.9486842105263158,0.01575898616072078
raw,1,1.0,0.0,0.9171428571428573,0.009732566956256938,0.9100877192982455,0.02758280295356162
raw,3,0.9565934065934065,0.005053750456073384,0.9291208791208792,0.008219750837345384,0.9157894736842106,0.016504287475637525
raw,5,0.9483516483516483,0.005876809651481736,0.9314285714285715,0.006830888029854965,0.9219298245614036,0.01837923406996226
raw,7,0.9440659340659341,0.004937723503002394,0.9334065934065935,0.006335619914461339,0.9258771929824562,0.018290052159643026
raw,9,0.940989010989011,0.0055284664738924055,0.9332967032967033,0.005528466473892418,0.9280701754385966,0.018316327208615018
raw,11,0.9396703296703297,0.004937723503002394,0.9338461538461539,0.005242576018407262,0.9276315789473685,0.020734994129075115
raw,13,0.9393406593406594,0.006153846153846132,0.9325274725274726,0.004718881440348091,0.9285087719298245,0.022411379457967034
raw,15,0.9368131868131868,0.0044434212349792656,0.9306593406593408,0.004986396177819072,0.9241228070175438,0.02258239589799299
raw,17,0.9346153846153846,0.004603595618824909,0.9306593406593408,0.005268998722961258,0.9254385964912281,0.02262069641794321
raw,19,0.9340659340659341,0.0056888699365031945,0.9306593406593408,0.005404761594443053,0.925,0.021925438157807006
raw,21,0.9330769230769231,0.005792991363998761,0.9295604395604397,0.005580643483777862,0.925,0.023615071273634755
raw,23,0.9315384615384616,0.005949308871929282,0.9275824175824177,0.005268998722961261,0.9232456140350876,0.022853360473882513
raw,25,0.9302197802197802,0.005377883210216332,0.926923076923077,0.005332784860901522,0.9201754385964914,0.020365239940778764
raw,27,0.9285714285714286,0.00571005760736993,0.9251648351648353,0.006077827168802146,0.917982456140351,0.02189031528678558
raw,29,0.9271428571428573,0.006342287485937621,0.9236263736263737,0.005422606501747422,0.917543859649123,0.02260368197671075
raw,31,0.9247252747252748,0.00555461624443963,0.9221978021978023,0.005356508838221538,0.9157894736842106,0.023274559932318594
raw,33,0.9236263736263737,0.004858833180095438,0.9215384615384616,0.004509513083227102,0.9153508771929826,0.023418752761776303
raw,35,0.9240659340659342,0.004634966309662252,0.9210989010989012,0.00486007568955958,0.9144736842105263,0.023187613838397028
raw,37,0.9237362637362638,0.00501657679583006,0.9204395604395605,0.0054548016026333655,0.9131578947368422,0.023521206452266536
raw,39,0.9229670329670331,0.004197456979073498,0.9206593406593407,0.004046582997697166,0.9131578947368422,0.02164730294605801
raw,41,0.9225274725274726,0.004858833180095443,0.9196703296703298,0.004686784200469503,0.9149122807017545,0.020961058149734247
raw,43,0.9220879120879122,0.004421626272248538,0.9186813186813187,0.004914435115384171,0.9149122807017542,0.02220875245819678
raw,45,0.921868131868132,0.0043109989551501455,0.9184615384615386,0.004860075689559579,0.9131578947368422,0.022518416935076207
raw,47,0.9206593406593407,0.0050069387911624505,0.917912087912088,0.004355587073100324,0.9135964912280702,0.024066920909331498
raw,49,0.9200000000000002,0.004193139346887696,0.9172527472527474,0.004518875867022455,0.9122807017543859,0.022191422176620217
raw,51,0.9192307692307693,0.005101316214696796,0.915824175824176,0.005016576795830046,0.9122807017543859,0.022874394404219824
