seed,variant,selected_k,inner_validation_accuracy,test_samples,test_correct,test_accuracy
42,normalized,11,0.978021978021978,114,111,0.9736842105263158
42,raw,13,0.9340659340659341,114,108,0.9473684210526315
43,normalized,1,0.967032967032967,114,104,0.9122807017543859
43,raw,5,0.9010989010989011,114,106,0.9298245614035088
44,normalized,7,0.978021978021978,114,110,0.9649122807017544
44,raw,39,0.967032967032967,114,109,0.956140350877193
45,normalized,1,0.9560439560439561,114,108,0.9473684210526315
45,raw,11,0.9560439560439561,114,109,0.956140350877193
46,normalized,5,1.0,114,112,0.9824561403508771
46,raw,1,0.9340659340659341,114,107,0.9385964912280702
47,normalized,5,0.967032967032967,114,111,0.9736842105263158
47,raw,9,0.9340659340659341,114,104,0.9122807017543859
48,normalized,3,0.989010989010989,114,110,0.9649122807017544
48,raw,1,0.9010989010989011,114,103,0.9035087719298246
49,normalized,7,0.967032967032967,114,111,0.9736842105263158
49,raw,3,0.9120879120879121,114,105,0.9210526315789473
50,normalized,3,1.0,114,110,0.9649122807017544
50,raw,11,0.967032967032967,114,107,0.9385964912280702
51,normalized,1,0.989010989010989,114,109,0.956140350877193
51,raw,3,0.9340659340659341,114,107,0.9385964912280702
52,normalized,3,0.978021978021978,114,111,0.9736842105263158
52,raw,1,0.9560439560439561,114,103,0.9035087719298246
53,normalized,7,0.967032967032967,114,114,1.0
53,raw,5,0.9560439560439561,114,104,0.9122807017543859
54,normalized,1,0.989010989010989,114,109,0.956140350877193
54,raw,5,0.9560439560439561,114,105,0.9210526315789473
55,normalized,1,0.978021978021978,114,110,0.9649122807017544
55,raw,3,0.9560439560439561,114,101,0.8859649122807017
56,normalized,9,0.945054945054945,114,110,0.9649122807017544
56,raw,17,0.9340659340659341,114,110,0.9649122807017544
57,normalized,5,1.0,114,111,0.9736842105263158
57,raw,3,0.9340659340659341,114,107,0.9385964912280702
58,normalized,3,1.0,114,107,0.9385964912280702
58,raw,9,0.967032967032967,114,105,0.9210526315789473
59,normalized,3,0.978021978021978,114,111,0.9736842105263158
59,raw,3,0.9560439560439561,114,104,0.9122807017543859
60,normalized,3,0.978021978021978,114,111,0.9736842105263158
60,raw,5,0.945054945054945,114,105,0.9210526315789473
61,normalized,3,0.978021978021978,114,109,0.956140350877193
61,raw,5,0.945054945054945,114,104,0.9122807017543859
