seed,variant,k,train_resubstitution,train_excluding_self,test_accuracy
42,normalized,1,1.0,0.9472527472527472,0.9385964912280702
42,normalized,3,0.9802197802197802,0.9692307692307692,0.9649122807017544
42,normalized,5,0.978021978021978,0.9714285714285714,0.9824561403508771
42,normalized,7,0.978021978021978,0.978021978021978,0.9736842105263158
42,normalized,9,0.9802197802197802,0.978021978021978,0.9649122807017544
42,normalized,11,0.9802197802197802,0.9758241758241758,0.9736842105263158
42,normalized,13,0.978021978021978,0.9758241758241758,0.9824561403508771
42,normalized,15,0.9758241758241758,0.967032967032967,0.9736842105263158
42,normalized,17,0.9736263736263736,0.9692307692307692,0.9824561403508771
42,normalized,19,0.9714285714285714,0.9648351648351648,0.9824561403508771
42,normalized,21,0.9714285714285714,0.9626373626373627,0.9736842105263158
42,normalized,23,0.9626373626373627,0.9626373626373627,0.9736842105263158
42,normalized,25,0.9714285714285714,0.9692307692307692,0.9649122807017544
42,normalized,27,0.9692307692307692,0.9648351648351648,0.9649122807017544
42,normalized,29,0.9648351648351648,0.9604395604395605,0.956140350877193
42,normalized,31,0.9648351648351648,0.9604395604395605,0.9649122807017544
42,normalized,33,0.9626373626373627,0.9626373626373627,0.956140350877193
42,normalized,35,0.9626373626373627,0.9582417582417583,0.956140350877193
42,normalized,37,0.9604395604395605,0.9582417582417583,0.956140350877193
42,normalized,39,0.9582417582417583,0.9582417582417583,0.9473684210526315
42,normalized,41,0.9582417582417583,0.9582417582417583,0.9473684210526315
42,normalized,43,0.9582417582417583,0.9582417582417583,0.9473684210526315
42,normalized,45,0.9582417582417583,0.9582417582417583,0.9473684210526315
42,normalized,47,0.9604395604395605,0.9582417582417583,0.9473684210526315
42,normalized,49,0.9604395604395605,0.9560439560439561,0.9473684210526315
42,normalized,51,0.9582417582417583,0.9582417582417583,0.9473684210526315
42,raw,1,1.0,0.9142857142857143,0.9210526315789473
42,raw,3,0.9538461538461539,0.9318681318681319,0.9298245614035088
42,raw,5,0.9472527472527472,0.9428571428571428,0.9122807017543859
42,raw,7,0.9472527472527472,0.9362637362637363,0.9298245614035088
42,raw,9,0.945054945054945,0.9362637362637363,0.9385964912280702
42,raw,11,0.9406593406593406,0.9362637362637363,0.9385964912280702
42,raw,13,0.9406593406593406,0.9340659340659341,0.9473684210526315
42,raw,15,0.9428571428571428,0.9318681318681319,0.9298245614035088
42,raw,17,0.9362637362637363,0.9296703296703297,0.9385964912280702
42,raw,19,0.9318681318681319,0.9274725274725275,0.9385964912280702
42,raw,21,0.9340659340659341,0.9274725274725275,0.9385964912280702
42,raw,23,0.9296703296703297,0.9274725274725275,0.9385964912280702
42,raw,25,0.9340659340659341,0.9252747252747253,0.9385964912280702
42,raw,27,0.9274725274725275,0.9252747252747253,0.9385964912280702
42,raw,29,0.9252747252747253,0.9252747252747253,0.9385964912280702
42,raw,31,0.9252747252747253,0.9252747252747253,0.9298245614035088
42,raw,33,0.9252747252747253,0.9252747252747253,0.9298245614035088
42,raw,35,0.9252747252747253,0.9208791208791208,0.9298245614035088
42,raw,37,0.9230769230769231,0.9208791208791208,0.9298245614035088
42,raw,39,0.9230769230769231,0.9186813186813186,0.9298245614035088
42,raw,41,0.9186813186813186,0.9186813186813186,0.9298245614035088
42,raw,43,0.9230769230769231,0.9208791208791208,0.9298245614035088
42,raw,45,0.9208791208791208,0.9164835164835164,0.9298245614035088
42,raw,47,0.9208791208791208,0.9208791208791208,0.9298245614035088
42,raw,49,0.9208791208791208,0.9186813186813186,0.9298245614035088
42,raw,51,0.9186813186813186,0.9164835164835164,0.9298245614035088
43,normalized,1,1.0,0.9538461538461539,0.9122807017543859
43,normalized,3,0.9868131868131869,0.9758241758241758,0.9473684210526315
43,normalized,5,0.9824175824175824,0.967032967032967,0.9385964912280702
43,normalized,7,0.978021978021978,0.967032967032967,0.9385964912280702
43,normalized,9,0.9758241758241758,0.9692307692307692,0.9385964912280702
43,normalized,11,0.9714285714285714,0.967032967032967,0.9298245614035088
43,normalized,13,0.9692307692307692,0.9648351648351648,0.9298245614035088
43,normalized,15,0.9648351648351648,0.9604395604395605,0.9210526315789473
43,normalized,17,0.9626373626373627,0.9626373626373627,0.9298245614035088
43,normalized,19,0.967032967032967,0.9648351648351648,0.9298245614035088
43,normalized,21,0.9648351648351648,0.9604395604395605,0.9210526315789473
43,normalized,23,0.9626373626373627,0.9582417582417583,0.9210526315789473
43,normalized,25,0.9626373626373627,0.9626373626373627,0.9210526315789473
43,normalized,27,0.9648351648351648,0.9604395604395605,0.9210526315789473
43,normalized,29,0.9604395604395605,0.9604395604395605,0.9210526315789473
43,normalized,31,0.9626373626373627,0.9626373626373627,0.9210526315789473
43,normalized,33,0.9626373626373627,0.9626373626373627,0.9298245614035088
43,normalized,35,0.9626373626373627,0.9604395604395605,0.9298245614035088
43,normalized,37,0.9604395604395605,0.9604395604395605,0.9210526315789473
43,normalized,39,0.9626373626373627,0.9604395604395605,0.9298245614035088
43,normalized,41,0.9604395604395605,0.9582417582417583,0.9298245614035088
43,normalized,43,0.9582417582417583,0.9582417582417583,0.9298245614035088
43,normalized,45,0.9582417582417583,0.9560439560439561,0.9298245614035088
43,normalized,47,0.9560439560439561,0.9560439560439561,0.9298245614035088
43,normalized,49,0.9582417582417583,0.9582417582417583,0.9298245614035088
43,normalized,51,0.9604395604395605,0.9538461538461539,0.9298245614035088
43,raw,1,1.0,0.9164835164835164,0.8771929824561403
43,raw,3,0.9604395604395605,0.9340659340659341,0.9035087719298246
43,raw,5,0.9472527472527472,0.9230769230769231,0.9298245614035088
43,raw,7,0.9428571428571428,0.9274725274725275,0.9298245614035088
43,raw,9,0.9318681318681319,0.9274725274725275,0.9298245614035088
43,raw,11,0.9406593406593406,0.9296703296703297,0.9385964912280702
43,raw,13,0.9340659340659341,0.9252747252747253,0.9385964912280702
43,raw,15,0.9296703296703297,0.9274725274725275,0.9298245614035088
43,raw,17,0.9318681318681319,0.9296703296703297,0.9210526315789473
43,raw,19,0.9318681318681319,0.9274725274725275,0.9298245614035088
43,raw,21,0.9296703296703297,0.9274725274725275,0.9298245614035088
43,raw,23,0.9274725274725275,0.9252747252747253,0.9210526315789473
43,raw,25,0.9274725274725275,0.9208791208791208,0.9122807017543859
43,raw,27,0.9230769230769231,0.9186813186813186,0.9122807017543859
43,raw,29,0.9186813186813186,0.9164835164835164,0.9122807017543859
43,raw,31,0.9164835164835164,0.9164835164835164,0.9035087719298246
43,raw,33,0.9186813186813186,0.9186813186813186,0.9035087719298246
43,raw,35,0.9252747252747253,0.9186813186813186,0.8947368421052632
43,raw,37,0.9208791208791208,0.9142857142857143,0.8947368421052632
43,raw,39,0.9208791208791208,0.9208791208791208,0.8859649122807017
43,raw,41,0.9230769230769231,0.9208791208791208,0.8859649122807017
43,raw,43,0.9252747252747253,0.9230769230769231,0.8947368421052632
43,raw,45,0.9230769230769231,0.9208791208791208,0.8859649122807017
43,raw,47,0.9208791208791208,0.9186813186813186,0.8771929824561403
43,raw,49,0.9186813186813186,0.9164835164835164,0.8771929824561403
43,raw,51,0.9208791208791208,0.9164835164835164,0.8771929824561403
44,normalized,1,1.0,0.9582417582417583,0.956140350877193
44,normalized,3,0.9846153846153847,0.967032967032967,0.9649122807017544
44,normalized,5,0.978021978021978,0.9648351648351648,0.9736842105263158
44,normalized,7,0.9714285714285714,0.967032967032967,0.9649122807017544
44,normalized,9,0.9714285714285714,0.9692307692307692,0.9649122807017544
44,normalized,11,0.978021978021978,0.9736263736263736,0.9649122807017544
44,normalized,13,0.9758241758241758,0.9714285714285714,0.9649122807017544
44,normalized,15,0.9736263736263736,0.967032967032967,0.9736842105263158
44,normalized,17,0.967032967032967,0.9582417582417583,0.9824561403508771
44,normalized,19,0.9604395604395605,0.9582417582417583,0.9736842105263158
44,normalized,21,0.9626373626373627,0.9582417582417583,0.9649122807017544
44,normalized,23,0.9604395604395605,0.9604395604395605,0.9736842105263158
44,normalized,25,0.9626373626373627,0.9582417582417583,0.9824561403508771
44,normalized,27,0.9626373626373627,0.9560439560439561,0.9824561403508771
44,normalized,29,0.9626373626373627,0.9604395604395605,0.9736842105263158
44,normalized,31,0.9604395604395605,0.9560439560439561,0.9736842105263158
44,normalized,33,0.9604395604395605,0.9538461538461539,0.9736842105263158
44,normalized,35,0.9582417582417583,0.9538461538461539,0.9736842105263158
44,normalized,37,0.9604395604395605,0.9582417582417583,0.9736842105263158
44,normalized,39,0.9582417582417583,0.9494505494505494,0.9736842105263158
44,normalized,41,0.9516483516483516,0.9472527472527472,0.9736842105263158
44,normalized,43,0.9494505494505494,0.9494505494505494,0.9736842105263158
44,normalized,45,0.9494505494505494,0.945054945054945,0.9736842105263158
44,normalized,47,0.9472527472527472,0.9472527472527472,0.9736842105263158
44,normalized,49,0.9494505494505494,0.945054945054945,0.9736842105263158
44,normalized,51,0.9516483516483516,0.9516483516483516,0.9736842105263158
44,raw,1,1.0,0.9054945054945055,0.9473684210526315
44,raw,3,0.9516483516483516,0.9208791208791208,0.9473684210526315
44,raw,5,0.9494505494505494,0.9186813186813186,0.9649122807017544
44,raw,7,0.9362637362637363,0.9208791208791208,0.9736842105263158
44,raw,9,0.9296703296703297,0.9208791208791208,0.9736842105263158
44,raw,11,0.9296703296703297,0.9230769230769231,0.9824561403508771
44,raw,13,0.9296703296703297,0.9274725274725275,0.9824561403508771
44,raw,15,0.9340659340659341,0.9230769230769231,0.9736842105263158
44,raw,17,0.9296703296703297,0.9186813186813186,0.9736842105263158
44,raw,19,0.9274725274725275,0.9208791208791208,0.9736842105263158
44,raw,21,0.9230769230769231,0.9208791208791208,0.9736842105263158
44,raw,23,0.9230769230769231,0.9164835164835164,0.9736842105263158
44,raw,25,0.9208791208791208,0.9208791208791208,0.9649122807017544
44,raw,27,0.9208791208791208,0.9164835164835164,0.9649122807017544
44,raw,29,0.9164835164835164,0.9164835164835164,0.9649122807017544
44,raw,31,0.9164835164835164,0.9164835164835164,0.9649122807017544
44,raw,33,0.9164835164835164,0.9164835164835164,0.9649122807017544
44,raw,35,0.9164835164835164,0.9120879120879121,0.9649122807017544
44,raw,37,0.9164835164835164,0.9120879120879121,0.9649122807017544
44,raw,39,0.9164835164835164,0.9142857142857143,0.956140350877193
44,raw,41,0.9142857142857143,0.9142857142857143,0.956140350877193
44,raw,43,0.9142857142857143,0.9098901098901099,0.9649122807017544
44,raw,45,0.9142857142857143,0.9120879120879121,0.9649122807017544
44,raw,47,0.9142857142857143,0.9098901098901099,0.9649122807017544
44,raw,49,0.9120879120879121,0.9098901098901099,0.9649122807017544
44,raw,51,0.9098901098901099,0.9076923076923077,0.9649122807017544
45,normalized,1,1.0,0.9582417582417583,0.9473684210526315
45,normalized,3,0.9824175824175824,0.967032967032967,0.9385964912280702
45,normalized,5,0.9802197802197802,0.9714285714285714,0.9649122807017544
45,normalized,7,0.9736263736263736,0.967032967032967,0.956140350877193
45,normalized,9,0.9758241758241758,0.9692307692307692,0.9649122807017544
45,normalized,11,0.9758241758241758,0.9648351648351648,0.956140350877193
45,normalized,13,0.9692307692307692,0.9626373626373627,0.9649122807017544
45,normalized,15,0.9714285714285714,0.9648351648351648,0.9649122807017544
45,normalized,17,0.9714285714285714,0.9626373626373627,0.9649122807017544
45,normalized,19,0.9648351648351648,0.9604395604395605,0.956140350877193
45,normalized,21,0.967032967032967,0.9560439560439561,0.9649122807017544
45,normalized,23,0.9604395604395605,0.9582417582417583,0.956140350877193
45,normalized,25,0.9582417582417583,0.9560439560439561,0.9649122807017544
45,normalized,27,0.9626373626373627,0.9560439560439561,0.9649122807017544
45,normalized,29,0.9582417582417583,0.9582417582417583,0.956140350877193
45,normalized,31,0.9604395604395605,0.9516483516483516,0.956140350877193
45,normalized,33,0.9560439560439561,0.9516483516483516,0.956140350877193
45,normalized,35,0.9560439560439561,0.9560439560439561,0.956140350877193
45,normalized,37,0.9560439560439561,0.9560439560439561,0.956140350877193
45,normalized,39,0.9560439560439561,0.9560439560439561,0.956140350877193
45,normalized,41,0.9560439560439561,0.9516483516483516,0.956140350877193
45,normalized,43,0.9538461538461539,0.9516483516483516,0.956140350877193
45,normalized,45,0.9560439560439561,0.9560439560439561,0.956140350877193
45,normalized,47,0.9560439560439561,0.9516483516483516,0.956140350877193
45,normalized,49,0.9516483516483516,0.9472527472527472,0.9473684210526315
45,normalized,51,0.9494505494505494,0.945054945054945,0.956140350877193
45,raw,1,1.0,0.9164835164835164,0.9385964912280702
45,raw,3,0.9538461538461539,0.9120879120879121,0.9122807017543859
45,raw,5,0.9384615384615385,0.9296703296703297,0.9210526315789473
45,raw,7,0.9406593406593406,0.9318681318681319,0.9210526315789473
45,raw,9,0.9384615384615385,0.9318681318681319,0.9298245614035088
45,raw,11,0.9384615384615385,0.9340659340659341,0.956140350877193
45,raw,13,0.9362637362637363,0.9318681318681319,0.9385964912280702
45,raw,15,0.9340659340659341,0.9296703296703297,0.9473684210526315
45,raw,17,0.9318681318681319,0.9296703296703297,0.9385964912280702
45,raw,19,0.9318681318681319,0.9318681318681319,0.9385964912280702
45,raw,21,0.9318681318681319,0.9296703296703297,0.9385964912280702
45,raw,23,0.9296703296703297,0.9252747252747253,0.9385964912280702
45,raw,25,0.9274725274725275,0.9208791208791208,0.9298245614035088
45,raw,27,0.9274725274725275,0.9164835164835164,0.9298245614035088
45,raw,29,0.9252747252747253,0.9186813186813186,0.9298245614035088
45,raw,31,0.9208791208791208,0.9208791208791208,0.9298245614035088
45,raw,33,0.9208791208791208,0.9186813186813186,0.9298245614035088
45,raw,35,0.9230769230769231,0.9208791208791208,0.9298245614035088
45,raw,37,0.9230769230769231,0.9230769230769231,0.9298245614035088
45,raw,39,0.9230769230769231,0.9186813186813186,0.9298245614035088
45,raw,41,0.9208791208791208,0.9186813186813186,0.9298245614035088
45,raw,43,0.9186813186813186,0.9164835164835164,0.9298245614035088
45,raw,45,0.9208791208791208,0.9164835164835164,0.9298245614035088
45,raw,47,0.9208791208791208,0.9164835164835164,0.9298245614035088
45,raw,49,0.9186813186813186,0.9120879120879121,0.9298245614035088
45,raw,51,0.9142857142857143,0.9120879120879121,0.9298245614035088
46,normalized,1,1.0,0.9538461538461539,0.9649122807017544
46,normalized,3,0.9846153846153847,0.9648351648351648,0.9736842105263158
46,normalized,5,0.9758241758241758,0.967032967032967,0.9824561403508771
46,normalized,7,0.9758241758241758,0.9648351648351648,0.9736842105263158
46,normalized,9,0.9824175824175824,0.9758241758241758,0.9649122807017544
46,normalized,11,0.978021978021978,0.9758241758241758,0.9649122807017544
46,normalized,13,0.9802197802197802,0.9648351648351648,0.9736842105263158
46,normalized,15,0.967032967032967,0.9604395604395605,0.9649122807017544
46,normalized,17,0.967032967032967,0.9626373626373627,0.956140350877193
46,normalized,19,0.9648351648351648,0.9626373626373627,0.956140350877193
46,normalized,21,0.9648351648351648,0.9626373626373627,0.956140350877193
46,normalized,23,0.9626373626373627,0.9604395604395605,0.956140350877193
46,normalized,25,0.9626373626373627,0.9604395604395605,0.956140350877193
46,normalized,27,0.9626373626373627,0.9604395604395605,0.9649122807017544
46,normalized,29,0.9604395604395605,0.9582417582417583,0.956140350877193
46,normalized,31,0.9582417582417583,0.9560439560439561,0.956140350877193
46,normalized,33,0.9560439560439561,0.9538461538461539,0.9473684210526315
46,normalized,35,0.9538461538461539,0.9538461538461539,0.9473684210526315
46,normalized,37,0.9538461538461539,0.9538461538461539,0.956140350877193
46,normalized,39,0.9538461538461539,0.9538461538461539,0.956140350877193
46,normalized,41,0.9538461538461539,0.9538461538461539,0.956140350877193
46,normalized,43,0.9538461538461539,0.9538461538461539,0.956140350877193
46,normalized,45,0.9538461538461539,0.9538461538461539,0.9649122807017544
46,normalized,47,0.9538461538461539,0.9538461538461539,0.956140350877193
46,normalized,49,0.9538461538461539,0.9538461538461539,0.956140350877193
46,normalized,51,0.9538461538461539,0.9538461538461539,0.956140350877193
46,raw,1,1.0,0.9208791208791208,0.9385964912280702
46,raw,3,0.9582417582417583,0.9318681318681319,0.9122807017543859
46,raw,5,0.9494505494505494,0.9296703296703297,0.9122807017543859
46,raw,7,0.9406593406593406,0.9340659340659341,0.9122807017543859
46,raw,9,0.9384615384615385,0.9274725274725275,0.9122807017543859
46,raw,11,0.9362637362637363,0.9340659340659341,0.9122807017543859
46,raw,13,0.9384615384615385,0.9362637362637363,0.9210526315789473
46,raw,15,0.9362637362637363,0.9340659340659341,0.9122807017543859
46,raw,17,0.9384615384615385,0.9362637362637363,0.9210526315789473
46,raw,19,0.9362637362637363,0.9340659340659341,0.9122807017543859
46,raw,21,0.9362637362637363,0.9318681318681319,0.9122807017543859
46,raw,23,0.9384615384615385,0.9318681318681319,0.9210526315789473
46,raw,25,0.9340659340659341,0.9318681318681319,0.9210526315789473
46,raw,27,0.9318681318681319,0.9274725274725275,0.9210526315789473
46,raw,29,0.9296703296703297,0.9252747252747253,0.9210526315789473
46,raw,31,0.9274725274725275,0.9230769230769231,0.9298245614035088
46,raw,33,0.9230769230769231,0.9208791208791208,0.9298245614035088
46,raw,35,0.9252747252747253,0.9230769230769231,0.9298245614035088
46,raw,37,0.9252747252747253,0.9208791208791208,0.9298245614035088
46,raw,39,0.9208791208791208,0.9186813186813186,0.9298245614035088
46,raw,41,0.9186813186813186,0.9142857142857143,0.9298245614035088
46,raw,43,0.9208791208791208,0.9164835164835164,0.9298245614035088
46,raw,45,0.9230769230769231,0.9164835164835164,0.9210526315789473
46,raw,47,0.9164835164835164,0.9142857142857143,0.9298245614035088
46,raw,49,0.9164835164835164,0.9120879120879121,0.9210526315789473
46,raw,51,0.9142857142857143,0.9120879120879121,0.9298245614035088
47,normalized,1,1.0,0.9560439560439561,0.9385964912280702
47,normalized,3,0.9802197802197802,0.9692307692307692,0.9649122807017544
47,normalized,5,0.9758241758241758,0.9692307692307692,0.9736842105263158
47,normalized,7,0.9692307692307692,0.9648351648351648,0.9824561403508771
47,normalized,9,0.9692307692307692,0.9648351648351648,0.9736842105263158
47,normalized,11,0.967032967032967,0.9626373626373627,0.9649122807017544
47,normalized,13,0.9714285714285714,0.9626373626373627,0.956140350877193
47,normalized,15,0.9692307692307692,0.967032967032967,0.9473684210526315
47,normalized,17,0.9692307692307692,0.967032967032967,0.9385964912280702
47,normalized,19,0.9692307692307692,0.9648351648351648,0.9385964912280702
47,normalized,21,0.967032967032967,0.9648351648351648,0.9385964912280702
47,normalized,23,0.9648351648351648,0.9648351648351648,0.9385964912280702
47,normalized,25,0.9648351648351648,0.9648351648351648,0.9385964912280702
47,normalized,27,0.9648351648351648,0.9604395604395605,0.9385964912280702
47,normalized,29,0.9648351648351648,0.9604395604395605,0.9298245614035088
47,normalized,31,0.9604395604395605,0.9604395604395605,0.9298245614035088
47,normalized,33,0.9604395604395605,0.9604395604395605,0.9298245614035088
47,normalized,35,0.9604395604395605,0.9604395604395605,0.9298245614035088
47,normalized,37,0.9604395604395605,0.9604395604395605,0.9298245614035088
47,normalized,39,0.9626373626373627,0.9604395604395605,0.9298245614035088
47,normalized,41,0.9626373626373627,0.9604395604395605,0.9298245614035088
47,normalized,43,0.9604395604395605,0.9604395604395605,0.9298245614035088
47,normalized,45,0.9604395604395605,0.9560439560439561,0.9298245614035088
47,normalized,47,0.9582417582417583,0.9560439560439561,0.9210526315789473
47,normalized,49,0.9582417582417583,0.9560439560439561,0.9298245614035088
47,normalized,51,0.9582417582417583,0.9582417582417583,0.9210526315789473
47,raw,1,1.0,0.9186813186813186,0.9035087719298246
47,raw,3,0.9560439560439561,0.9362637362637363,0.9035087719298246
47,raw,5,0.9516483516483516,0.9384615384615385,0.8859649122807017
47,raw,7,0.9494505494505494,0.9362637362637363,0.9035087719298246
47,raw,9,0.9406593406593406,0.9362637362637363,0.9122807017543859
47,raw,11,0.945054945054945,0.9384615384615385,0.9122807017543859
47,raw,13,0.945054945054945,0.9340659340659341,0.9298245614035088
47,raw,15,0.9362637362637363,0.9274725274725275,0.9035087719298246
47,raw,17,0.9340659340659341,0.9296703296703297,0.9035087719298246
47,raw,19,0.9340659340659341,0.9296703296703297,0.9035087719298246
47,raw,21,0.9296703296703297,0.9296703296703297,0.8947368421052632
47,raw,23,0.9296703296703297,0.9274725274725275,0.8947368421052632
47,raw,25,0.9274725274725275,0.9274725274725275,0.8947368421052632
47,raw,27,0.9274725274725275,0.9274725274725275,0.8947368421052632
47,raw,29,0.9296703296703297,0.9274725274725275,0.8771929824561403
47,raw,31,0.9296703296703297,0.9274725274725275,0.8771929824561403
47,raw,33,0.9296703296703297,0.9252747252747253,0.8859649122807017
47,raw,35,0.9296703296703297,0.9296703296703297,0.8859649122807017
47,raw,37,0.9296703296703297,0.9296703296703297,0.8771929824561403
47,raw,39,0.9296703296703297,0.9252747252747253,0.8859649122807017
47,raw,41,0.9274725274725275,0.9252747252747253,0.8947368421052632
47,raw,43,0.9274725274725275,0.9252747252747253,0.8947368421052632
47,raw,45,0.9274725274725275,0.9230769230769231,0.8947368421052632
47,raw,47,0.9252747252747253,0.9208791208791208,0.8859649122807017
47,raw,49,0.9274725274725275,0.9252747252747253,0.8771929824561403
47,raw,51,0.9274725274725275,0.9252747252747253,0.868421052631579
48,normalized,1,1.0,0.9516483516483516,0.9473684210526315
48,normalized,3,0.9824175824175824,0.9736263736263736,0.9649122807017544
48,normalized,5,0.9824175824175824,0.9714285714285714,0.9736842105263158
48,normalized,7,0.9758241758241758,0.9692307692307692,0.956140350877193
48,normalized,9,0.9758241758241758,0.9736263736263736,0.9649122807017544
48,normalized,11,0.9758241758241758,0.9736263736263736,0.9736842105263158
48,normalized,13,0.978021978021978,0.967032967032967,0.9824561403508771
48,normalized,15,0.9758241758241758,0.9692307692307692,0.9912280701754386
48,normalized,17,0.9736263736263736,0.9648351648351648,0.9824561403508771
48,normalized,19,0.9648351648351648,0.9626373626373627,0.9824561403508771
48,normalized,21,0.9648351648351648,0.9626373626373627,0.9649122807017544
48,normalized,23,0.9648351648351648,0.9648351648351648,0.9649122807017544
48,normalized,25,0.967032967032967,0.9604395604395605,0.9649122807017544
48,normalized,27,0.9604395604395605,0.9582417582417583,0.9649122807017544
48,normalized,29,0.9604395604395605,0.9582417582417583,0.956140350877193
48,normalized,31,0.9604395604395605,0.9560439560439561,0.956140350877193
48,normalized,33,0.9582417582417583,0.9516483516483516,0.956140350877193
48,normalized,35,0.9560439560439561,0.9516483516483516,0.956140350877193
48,normalized,37,0.9516483516483516,0.9516483516483516,0.956140350877193
48,normalized,39,0.9516483516483516,0.9516483516483516,0.9649122807017544
48,normalized,41,0.9516483516483516,0.9516483516483516,0.9649122807017544
48,normalized,43,0.9516483516483516,0.9516483516483516,0.9649122807017544
48,normalized,45,0.9516483516483516,0.9472527472527472,0.9649122807017544
48,normalized,47,0.9516483516483516,0.9494505494505494,0.9649122807017544
48,normalized,49,0.9494505494505494,0.9494505494505494,0.9649122807017544
48,normalized,51,0.9494505494505494,0.9494505494505494,0.9649122807017544
48,raw,1,1.0,0.9098901098901099,0.9035087719298246
48,raw,3,0.9516483516483516,0.9274725274725275,0.9122807017543859
48,raw,5,0.9428571428571428,0.9296703296703297,0.9298245614035088
48,raw,7,0.9384615384615385,0.9340659340659341,0.9385964912280702
48,raw,9,0.9428571428571428,0.9384615384615385,0.9298245614035088
48,raw,11,0.9428571428571428,0.9340659340659341,0.9210526315789473
48,raw,13,0.9406593406593406,0.9318681318681319,0.9210526315789473
48,raw,15,0.9362637362637363,0.9318681318681319,0.9210526315789473
48,raw,17,0.9340659340659341,0.9318681318681319,0.9210526315789473
48,raw,19,0.9340659340659341,0.9318681318681319,0.9298245614035088
48,raw,21,0.9362637362637363,0.9274725274725275,0.9298245614035088
48,raw,23,0.9296703296703297,0.9230769230769231,0.9298245614035088
48,raw,25,0.9296703296703297,0.9230769230769231,0.9210526315789473
48,raw,27,0.9230769230769231,0.9186813186813186,0.9298245614035088
48,raw,29,0.9230769230769231,0.9186813186813186,0.9298245614035088
48,raw,31,0.9208791208791208,0.9142857142857143,0.9298245614035088
48,raw,33,0.9164835164835164,0.9142857142857143,0.9298245614035088
48,raw,35,0.9186813186813186,0.9186813186813186,0.9298245614035088
48,raw,37,0.9186813186813186,0.9186813186813186,0.9298245614035088
48,raw,39,0.9186813186813186,0.9186813186813186,0.9298245614035088
48,raw,41,0.9186813186813186,0.9142857142857143,0.9385964912280702
48,raw,43,0.9164835164835164,0.9120879120879121,0.9298245614035088
48,raw,45,0.9186813186813186,0.9142857142857143,0.9298245614035088
48,raw,47,0.9142857142857143,0.9142857142857143,0.9298245614035088
48,raw,49,0.9186813186813186,0.9142857142857143,0.9122807017543859
48,raw,51,0.9164835164835164,0.9142857142857143,0.9122807017543859
49,normalized,1,1.0,0.9604395604395605,0.956140350877193
49,normalized,3,0.989010989010989,0.967032967032967,0.9649122807017544
49,normalized,5,0.9758241758241758,0.9736263736263736,0.9649122807017544
49,normalized,7,0.9802197802197802,0.9736263736263736,0.9736842105263158
49,normalized,9,0.978021978021978,0.9736263736263736,0.9736842105263158
49,normalized,11,0.978021978021978,0.967032967032967,0.9649122807017544
49,normalized,13,0.9714285714285714,0.9626373626373627,0.9649122807017544
49,normalized,15,0.967032967032967,0.9648351648351648,0.956140350877193
49,normalized,17,0.967032967032967,0.9626373626373627,0.956140350877193
49,normalized,19,0.9626373626373627,0.9604395604395605,0.9473684210526315
49,normalized,21,0.9648351648351648,0.9582417582417583,0.956140350877193
49,normalized,23,0.9604395604395605,0.9582417582417583,0.956140350877193
49,normalized,25,0.9648351648351648,0.9582417582417583,0.956140350877193
49,normalized,27,0.9626373626373627,0.9560439560439561,0.956140350877193
49,normalized,29,0.9604395604395605,0.9538461538461539,0.9473684210526315
49,normalized,31,0.9604395604395605,0.9604395604395605,0.9473684210526315
49,normalized,33,0.9604395604395605,0.9582417582417583,0.9473684210526315
49,normalized,35,0.9582417582417583,0.9582417582417583,0.9473684210526315
49,normalized,37,0.9582417582417583,0.9582417582417583,0.9473684210526315
49,normalized,39,0.9582417582417583,0.9560439560439561,0.9473684210526315
49,normalized,41,0.9560439560439561,0.9560439560439561,0.9473684210526315
49,normalized,43,0.9560439560439561,0.9560439560439561,0.9385964912280702
49,normalized,45,0.9560439560439561,0.9560439560439561,0.9298245614035088
49,normalized,47,0.9560439560439561,0.9560439560439561,0.9298245614035088
49,normalized,49,0.9560439560439561,0.9538461538461539,0.9298245614035088
49,normalized,51,0.9538461538461539,0.9516483516483516,0.9298245614035088
49,raw,1,1.0,0.9120879120879121,0.9035087719298246
49,raw,3,0.9626373626373627,0.945054945054945,0.9210526315789473
49,raw,5,0.9560439560439561,0.9318681318681319,0.9298245614035088
49,raw,7,0.9472527472527472,0.9406593406593406,0.9210526315789473
49,raw,9,0.9428571428571428,0.9318681318681319,0.9122807017543859
49,raw,11,0.9384615384615385,0.9362637362637363,0.9210526315789473
49,raw,13,0.945054945054945,0.9384615384615385,0.9122807017543859
49,raw,15,0.9384615384615385,0.9340659340659341,0.9122807017543859
49,raw,17,0.9340659340659341,0.9340659340659341,0.9210526315789473
49,raw,19,0.9340659340659341,0.9340659340659341,0.9210526315789473
49,raw,21,0.9340659340659341,0.9340659340659341,0.9210526315789473
49,raw,23,0.9362637362637363,0.9340659340659341,0.9035087719298246
49,raw,25,0.9362637362637363,0.9340659340659341,0.9035087719298246
49,raw,27,0.9340659340659341,0.9318681318681319,0.8859649122807017
49,raw,29,0.9318681318681319,0.9296703296703297,0.8947368421052632
49,raw,31,0.9296703296703297,0.9296703296703297,0.8947368421052632
49,raw,33,0.9296703296703297,0.9274725274725275,0.8859649122807017
49,raw,35,0.9274725274725275,0.9274725274725275,0.8859649122807017
49,raw,37,0.9296703296703297,0.9296703296703297,0.8859649122807017
49,raw,39,0.9318681318681319,0.9296703296703297,0.9035087719298246
49,raw,41,0.9296703296703297,0.9274725274725275,0.9035087719298246
49,raw,43,0.9296703296703297,0.9252747252747253,0.8947368421052632
49,raw,45,0.9274725274725275,0.9274725274725275,0.8859649122807017
49,raw,47,0.9274725274725275,0.9230769230769231,0.8859649122807017
49,raw,49,0.9230769230769231,0.9230769230769231,0.8859649122807017
49,raw,51,0.9252747252747253,0.9252747252747253,0.8859649122807017
50,normalized,1,1.0,0.9494505494505494,0.9736842105263158
50,normalized,3,0.9846153846153847,0.9692307692307692,0.9649122807017544
50,normalized,5,0.9736263736263736,0.967032967032967,0.9649122807017544
50,normalized,7,0.9714285714285714,0.9648351648351648,0.9736842105263158
50,normalized,9,0.9714285714285714,0.9604395604395605,0.9736842105263158
50,normalized,11,0.9692307692307692,0.9560439560439561,0.9649122807017544
50,normalized,13,0.9692307692307692,0.9648351648351648,0.9736842105263158
50,normalized,15,0.9648351648351648,0.9604395604395605,0.9824561403508771
50,normalized,17,0.967032967032967,0.9560439560439561,0.9736842105263158
50,normalized,19,0.9648351648351648,0.9582417582417583,0.9649122807017544
50,normalized,21,0.9648351648351648,0.9626373626373627,0.9649122807017544
50,normalized,23,0.9626373626373627,0.9604395604395605,0.9649122807017544
50,normalized,25,0.9648351648351648,0.9582417582417583,0.956140350877193
50,normalized,27,0.9604395604395605,0.9560439560439561,0.9473684210526315
50,normalized,29,0.9604395604395605,0.9560439560439561,0.9473684210526315
50,normalized,31,0.9582417582417583,0.9560439560439561,0.956140350877193
50,normalized,33,0.9582417582417583,0.9538461538461539,0.956140350877193
50,normalized,35,0.9538461538461539,0.9538461538461539,0.956140350877193
50,normalized,37,0.9538461538461539,0.9516483516483516,0.956140350877193
50,normalized,39,0.9560439560439561,0.9538461538461539,0.956140350877193
50,normalized,41,0.9582417582417583,0.9560439560439561,0.956140350877193
50,normalized,43,0.9560439560439561,0.9516483516483516,0.956140350877193
50,normalized,45,0.9560439560439561,0.9560439560439561,0.956140350877193
50,normalized,47,0.9560439560439561,0.9538461538461539,0.956140350877193
50,normalized,49,0.9560439560439561,0.9538461538461539,0.956140350877193
50,normalized,51,0.9582417582417583,0.9516483516483516,0.956140350877193
50,raw,1,1.0,0.9164835164835164,0.9122807017543859
50,raw,3,0.9494505494505494,0.9252747252747253,0.9298245614035088
50,raw,5,0.9428571428571428,0.9274725274725275,0.9298245614035088
50,raw,7,0.9406593406593406,0.9274725274725275,0.9298245614035088
50,raw,9,0.9384615384615385,0.9296703296703297,0.9298245614035088
50,raw,11,0.9340659340659341,0.9274725274725275,0.9385964912280702
50,raw,13,0.9296703296703297,0.9252747252747253,0.956140350877193
50,raw,15,0.9318681318681319,0.9230769230769231,0.9649122807017544
50,raw,17,0.9296703296703297,0.9208791208791208,0.9649122807017544
50,raw,19,0.9208791208791208,0.9186813186813186,0.9649122807017544
50,raw,21,0.9208791208791208,0.9208791208791208,0.9649122807017544
50,raw,23,0.9230769230769231,0.9208791208791208,0.956140350877193
50,raw,25,0.9208791208791208,0.9186813186813186,0.9473684210526315
50,raw,27,0.9186813186813186,0.9142857142857143,0.9473684210526315
50,raw,29,0.9142857142857143,0.9142857142857143,0.9473684210526315
50,raw,31,0.9142857142857143,0.9142857142857143,0.9473684210526315
50,raw,33,0.9142857142857143,0.9142857142857143,0.9473684210526315
50,raw,35,0.9142857142857143,0.9098901098901099,0.9385964912280702
50,raw,37,0.9120879120879121,0.9098901098901099,0.9210526315789473
50,raw,39,0.9164835164835164,0.9142857142857143,0.9210526315789473
50,raw,41,0.9142857142857143,0.9142857142857143,0.9210526315789473
50,raw,43,0.9186813186813186,0.9120879120879121,0.9210526315789473
50,raw,45,0.9142857142857143,0.9120879120879121,0.9210526315789473
50,raw,47,0.9142857142857143,0.9142857142857143,0.9385964912280702
50,raw,49,0.9142857142857143,0.9142857142857143,0.9298245614035088
50,raw,51,0.9164835164835164,0.9142857142857143,0.9210526315789473
51,normalized,1,1.0,0.9626373626373627,0.956140350877193
51,normalized,3,0.9846153846153847,0.9736263736263736,0.956140350877193
51,normalized,5,0.978021978021978,0.9648351648351648,0.9649122807017544
51,normalized,7,0.9736263736263736,0.9736263736263736,0.9649122807017544
51,normalized,9,0.9758241758241758,0.9692307692307692,0.956140350877193
51,normalized,11,0.9846153846153847,0.967032967032967,0.9649122807017544
51,normalized,13,0.978021978021978,0.9648351648351648,0.956140350877193
51,normalized,15,0.9714285714285714,0.9648351648351648,0.9473684210526315
51,normalized,17,0.9648351648351648,0.9626373626373627,0.9473684210526315
51,normalized,19,0.9648351648351648,0.9648351648351648,0.9473684210526315
51,normalized,21,0.967032967032967,0.9604395604395605,0.9473684210526315
51,normalized,23,0.967032967032967,0.9604395604395605,0.9473684210526315
51,normalized,25,0.9626373626373627,0.9582417582417583,0.9473684210526315
51,normalized,27,0.967032967032967,0.9626373626373627,0.956140350877193
51,normalized,29,0.9648351648351648,0.9582417582417583,0.9473684210526315
51,normalized,31,0.9604395604395605,0.9560439560439561,0.9473684210526315
51,normalized,33,0.9560439560439561,0.9560439560439561,0.9473684210526315
51,normalized,35,0.9560439560439561,0.9560439560439561,0.9473684210526315
51,normalized,37,0.9582417582417583,0.9560439560439561,0.9473684210526315
51,normalized,39,0.9582417582417583,0.9582417582417583,0.9473684210526315
51,normalized,41,0.9582417582417583,0.9582417582417583,0.9473684210526315
51,normalized,43,0.9582417582417583,0.9582417582417583,0.9473684210526315
51,normalized,45,0.9582417582417583,0.9582417582417583,0.9473684210526315
51,normalized,47,0.9582417582417583,0.9582417582417583,0.9473684210526315
51,normalized,49,0.9582417582417583,0.9560439560439561,0.9473684210526315
51,normalized,51,0.9582417582417583,0.9582417582417583,0.9473684210526315
51,raw,1,1.0,0.9054945054945055,0.9298245614035088
51,raw,3,0.945054945054945,0.9186813186813186,0.9385964912280702
51,raw,5,0.945054945054945,0.9318681318681319,0.9298245614035088
51,raw,7,0.9384615384615385,0.9340659340659341,0.9473684210526315
51,raw,9,0.9384615384615385,0.9340659340659341,0.9385964912280702
51,raw,11,0.9428571428571428,0.9340659340659341,0.9385964912280702
51,raw,13,0.9406593406593406,0.9340659340659341,0.9473684210526315
51,raw,15,0.9384615384615385,0.9296703296703297,0.9298245614035088
51,raw,17,0.9384615384615385,0.9318681318681319,0.9385964912280702
51,raw,19,0.9340659340659341,0.9274725274725275,0.9385964912280702
51,raw,21,0.9340659340659341,0.9296703296703297,0.9473684210526315
51,raw,23,0.9318681318681319,0.9274725274725275,0.9385964912280702
51,raw,25,0.9318681318681319,0.9274725274725275,0.9385964912280702
51,raw,27,0.9318681318681319,0.9274725274725275,0.9385964912280702
51,raw,29,0.9274725274725275,0.9208791208791208,0.9385964912280702
51,raw,31,0.9230769230769231,0.9164835164835164,0.9385964912280702
51,raw,33,0.9208791208791208,0.9186813186813186,0.9385964912280702
51,raw,35,0.9186813186813186,0.9186813186813186,0.9385964912280702
51,raw,37,0.9208791208791208,0.9208791208791208,0.9385964912280702
51,raw,39,0.9208791208791208,0.9208791208791208,0.9385964912280702
51,raw,41,0.9208791208791208,0.9186813186813186,0.9385964912280702
51,raw,43,0.9186813186813186,0.9164835164835164,0.9385964912280702
51,raw,45,0.9208791208791208,0.9164835164835164,0.9298245614035088
51,raw,47,0.9230769230769231,0.9186813186813186,0.9210526315789473
51,raw,49,0.9186813186813186,0.9164835164835164,0.9298245614035088
51,raw,51,0.9186813186813186,0.9142857142857143,0.9210526315789473
52,normalized,1,1.0,0.9516483516483516,0.956140350877193
52,normalized,3,0.9868131868131869,0.9692307692307692,0.9736842105263158
52,normalized,5,0.9802197802197802,0.967032967032967,0.9736842105263158
52,normalized,7,0.9736263736263736,0.9714285714285714,0.9736842105263158
52,normalized,9,0.9758241758241758,0.9736263736263736,0.9736842105263158
52,normalized,11,0.9736263736263736,0.9736263736263736,0.9736842105263158
52,normalized,13,0.9802197802197802,0.9714285714285714,0.9736842105263158
52,normalized,15,0.9714285714285714,0.9626373626373627,0.956140350877193
52,normalized,17,0.9648351648351648,0.9604395604395605,0.956140350877193
52,normalized,19,0.967032967032967,0.9626373626373627,0.9649122807017544
52,normalized,21,0.9648351648351648,0.9626373626373627,0.956140350877193
52,normalized,23,0.9626373626373627,0.9626373626373627,0.956140350877193
52,normalized,25,0.9648351648351648,0.9604395604395605,0.956140350877193
52,normalized,27,0.9604395604395605,0.9538461538461539,0.9649122807017544
52,normalized,29,0.9560439560439561,0.9516483516483516,0.956140350877193
52,normalized,31,0.9538461538461539,0.9516483516483516,0.956140350877193
52,normalized,33,0.9538461538461539,0.9516483516483516,0.956140350877193
52,normalized,35,0.9538461538461539,0.9538461538461539,0.956140350877193
52,normalized,37,0.9560439560439561,0.9538461538461539,0.956140350877193
52,normalized,39,0.9538461538461539,0.9538461538461539,0.956140350877193
52,normalized,41,0.9538461538461539,0.9516483516483516,0.956140350877193
52,normalized,43,0.9538461538461539,0.9538461538461539,0.956140350877193
52,normalized,45,0.9560439560439561,0.9538461538461539,0.956140350877193
52,normalized,47,0.9560439560439561,0.9516483516483516,0.956140350877193
52,normalized,49,0.9538461538461539,0.9472527472527472,0.956140350877193
52,normalized,51,0.9516483516483516,0.9472527472527472,0.956140350877193
52,raw,1,1.0,0.9186813186813186,0.9035087719298246
52,raw,3,0.9582417582417583,0.9296703296703297,0.9122807017543859
52,raw,5,0.9494505494505494,0.9296703296703297,0.9210526315789473
52,raw,7,0.945054945054945,0.9296703296703297,0.9298245614035088
52,raw,9,0.9406593406593406,0.9340659340659341,0.9298245614035088
52,raw,11,0.9406593406593406,0.9296703296703297,0.9122807017543859
52,raw,13,0.9384615384615385,0.9296703296703297,0.9210526315789473
52,raw,15,0.9362637362637363,0.9274725274725275,0.9210526315789473
52,raw,17,0.9296703296703297,0.9296703296703297,0.9298245614035088
52,raw,19,0.9318681318681319,0.9318681318681319,0.9122807017543859
52,raw,21,0.9318681318681319,0.9274725274725275,0.9122807017543859
52,raw,23,0.9274725274725275,0.9252747252747253,0.9122807017543859
52,raw,25,0.9252747252747253,0.9230769230769231,0.9122807017543859
52,raw,27,0.9252747252747253,0.9230769230769231,0.9122807017543859
52,raw,29,0.9230769230769231,0.9230769230769231,0.9122807017543859
52,raw,31,0.9230769230769231,0.9230769230769231,0.9122807017543859
52,raw,33,0.9230769230769231,0.9230769230769231,0.9122807017543859
52,raw,35,0.9274725274725275,0.9208791208791208,0.9122807017543859
52,raw,37,0.9252747252747253,0.9208791208791208,0.9122807017543859
52,raw,39,0.9252747252747253,0.9230769230769231,0.9122807017543859
52,raw,41,0.9252747252747253,0.9230769230769231,0.9122807017543859
52,raw,43,0.9230769230769231,0.9208791208791208,0.9122807017543859
52,raw,45,0.9208791208791208,0.9208791208791208,0.9122807017543859
52,raw,47,0.9208791208791208,0.9164835164835164,0.9122807017543859
52,raw,49,0.9164835164835164,0.9164835164835164,0.9122807017543859
52,raw,51,0.9186813186813186,0.9164835164835164,0.9210526315789473
53,normalized,1,1.0,0.945054945054945,0.9736842105263158
53,normalized,3,0.9824175824175824,0.9582417582417583,0.9912280701754386
53,normalized,5,0.9714285714285714,0.9604395604395605,1.0
53,normalized,7,0.9692307692307692,0.967032967032967,1.0
53,normalized,9,0.9692307692307692,0.9626373626373627,1.0
53,normalized,11,0.9736263736263736,0.9648351648351648,1.0
53,normalized,13,0.9692307692307692,0.9582417582417583,0.9912280701754386
53,normalized,15,0.9626373626373627,0.9560439560439561,0.9912280701754386
53,normalized,17,0.967032967032967,0.9538461538461539,0.9912280701754386
53,normalized,19,0.9604395604395605,0.9538461538461539,0.9912280701754386
53,normalized,21,0.9604395604395605,0.9560439560439561,0.9824561403508771
53,normalized,23,0.9582417582417583,0.9560439560439561,0.9736842105263158
53,normalized,25,0.9582417582417583,0.9538461538461539,0.9824561403508771
53,normalized,27,0.9538461538461539,0.9516483516483516,0.9824561403508771
53,normalized,29,0.9516483516483516,0.9516483516483516,0.9824561403508771
53,normalized,31,0.9538461538461539,0.9516483516483516,0.9736842105263158
53,normalized,33,0.9516483516483516,0.9494505494505494,0.9736842105263158
53,normalized,35,0.9516483516483516,0.9516483516483516,0.9736842105263158
53,normalized,37,0.9516483516483516,0.9516483516483516,0.9824561403508771
53,normalized,39,0.9538461538461539,0.9516483516483516,0.9736842105263158
53,normalized,41,0.9538461538461539,0.9472527472527472,0.9824561403508771
53,normalized,43,0.9494505494505494,0.9472527472527472,0.9736842105263158
53,normalized,45,0.9494505494505494,0.9494505494505494,0.9736842105263158
53,normalized,47,0.9516483516483516,0.9494505494505494,0.9736842105263158
53,normalized,49,0.9516483516483516,0.9472527472527472,0.9736842105263158
53,normalized,51,0.9494505494505494,0.9472527472527472,0.9736842105263158
53,raw,1,1.0,0.9362637362637363,0.868421052631579
53,raw,3,0.9582417582417583,0.9296703296703297,0.8947368421052632
53,raw,5,0.9472527472527472,0.9362637362637363,0.9122807017543859
53,raw,7,0.9428571428571428,0.9384615384615385,0.9210526315789473
53,raw,9,0.9428571428571428,0.9340659340659341,0.9298245614035088
53,raw,11,0.9384615384615385,0.9340659340659341,0.9210526315789473
53,raw,13,0.9384615384615385,0.9318681318681319,0.9210526315789473
53,raw,15,0.9362637362637363,0.9340659340659341,0.9210526315789473
53,raw,17,0.9340659340659341,0.9296703296703297,0.9210526315789473
53,raw,19,0.9384615384615385,0.9318681318681319,0.9210526315789473
53,raw,21,0.9362637362637363,0.9340659340659341,0.9210526315789473
53,raw,23,0.9384615384615385,0.9296703296703297,0.9210526315789473
53,raw,25,0.9340659340659341,0.9274725274725275,0.9210526315789473
53,raw,27,0.9318681318681319,0.9296703296703297,0.9210526315789473
53,raw,29,0.9318681318681319,0.9252747252747253,0.9210526315789473
53,raw,31,0.9252747252747253,0.9230769230769231,0.9210526315789473
53,raw,33,0.9230769230769231,0.9186813186813186,0.9210526315789473
53,raw,35,0.9252747252747253,0.9208791208791208,0.9210526315789473
53,raw,37,0.9252747252747253,0.9230769230769231,0.9210526315789473
53,raw,39,0.9252747252747253,0.9230769230769231,0.9210526315789473
53,raw,41,0.9230769230769231,0.9186813186813186,0.9210526315789473
53,raw,43,0.9230769230769231,0.9208791208791208,0.9210526315789473
53,raw,45,0.9208791208791208,0.9142857142857143,0.9210526315789473
53,raw,47,0.9164835164835164,0.9142857142857143,0.9298245614035088
53,raw,49,0.9208791208791208,0.9142857142857143,0.9298245614035088
53,raw,51,0.9142857142857143,0.9120879120879121,0.9298245614035088
54,normalized,1,1.0,0.9516483516483516,0.956140350877193
54,normalized,3,0.9846153846153847,0.9736263736263736,0.9736842105263158
54,normalized,5,0.9802197802197802,0.967032967032967,0.9649122807017544
54,normalized,7,0.9736263736263736,0.9604395604395605,0.9736842105263158
54,normalized,9,0.9692307692307692,0.967032967032967,0.9736842105263158
54,normalized,11,0.9714285714285714,0.9648351648351648,0.9736842105263158
54,normalized,13,0.9714285714285714,0.9692307692307692,0.9736842105263158
54,normalized,15,0.9758241758241758,0.9604395604395605,0.9824561403508771
54,normalized,17,0.9648351648351648,0.9626373626373627,0.9824561403508771
54,normalized,19,0.9626373626373627,0.9560439560439561,0.9736842105263158
54,normalized,21,0.9582417582417583,0.9560439560439561,0.9824561403508771
54,normalized,23,0.9582417582417583,0.9472527472527472,0.9824561403508771
54,normalized,25,0.9538461538461539,0.9494505494505494,0.9824561403508771
54,normalized,27,0.9494505494505494,0.9494505494505494,0.9824561403508771
54,normalized,29,0.9538461538461539,0.9516483516483516,0.9824561403508771
54,normalized,31,0.9538461538461539,0.9494505494505494,0.9824561403508771
54,normalized,33,0.9538461538461539,0.9516483516483516,0.9736842105263158
54,normalized,35,0.9516483516483516,0.9494505494505494,0.9736842105263158
54,normalized,37,0.9494505494505494,0.9494505494505494,0.9736842105263158
54,normalized,39,0.9494505494505494,0.9494505494505494,0.9736842105263158
54,normalized,41,0.9516483516483516,0.9472527472527472,0.9736842105263158
54,normalized,43,0.9494505494505494,0.945054945054945,0.9736842105263158
54,normalized,45,0.9494505494505494,0.945054945054945,0.9736842105263158
54,normalized,47,0.945054945054945,0.945054945054945,0.9736842105263158
54,normalized,49,0.9472527472527472,0.9472527472527472,0.9736842105263158
54,normalized,51,0.9472527472527472,0.9472527472527472,0.9736842105263158
54,raw,1,1.0,0.9142857142857143,0.9122807017543859
54,raw,3,0.9560439560439561,0.9230769230769231,0.9035087719298246
54,raw,5,0.9516483516483516,0.9362637362637363,0.9210526315789473
54,raw,7,0.9494505494505494,0.9362637362637363,0.9210526315789473
54,raw,9,0.945054945054945,0.9340659340659341,0.9298245614035088
54,raw,11,0.945054945054945,0.9384615384615385,0.9210526315789473
54,raw,13,0.9428571428571428,0.9362637362637363,0.9035087719298246
54,raw,15,0.9384615384615385,0.9318681318681319,0.9035087719298246
54,raw,17,0.9406593406593406,0.9318681318681319,0.9035087719298246
54,raw,19,0.9340659340659341,0.9318681318681319,0.9122807017543859
54,raw,21,0.9362637362637363,0.9340659340659341,0.9122807017543859
54,raw,23,0.9340659340659341,0.9318681318681319,0.9122807017543859
54,raw,25,0.9340659340659341,0.9296703296703297,0.9122807017543859
54,raw,27,0.9296703296703297,0.9274725274725275,0.9122807017543859
54,raw,29,0.9274725274725275,0.9230769230769231,0.9122807017543859
54,raw,31,0.9252747252747253,0.9252747252747253,0.9035087719298246
54,raw,33,0.9252747252747253,0.9230769230769231,0.8947368421052632
54,raw,35,0.9252747252747253,0.9208791208791208,0.9035087719298246
54,raw,37,0.9208791208791208,0.9164835164835164,0.8947368421052632
54,raw,39,0.9208791208791208,0.9186813186813186,0.8947368421052632
54,raw,41,0.9230769230769231,0.9164835164835164,0.9035087719298246
54,raw,43,0.9208791208791208,0.9186813186813186,0.9035087719298246
54,raw,45,0.9230769230769231,0.9230769230769231,0.9035087719298246
54,raw,47,0.9252747252747253,0.9186813186813186,0.9035087719298246
54,raw,49,0.9208791208791208,0.9208791208791208,0.9122807017543859
54,raw,51,0.9208791208791208,0.9186813186813186,0.9035087719298246
55,normalized,1,1.0,0.9582417582417583,0.9649122807017544
55,normalized,3,0.9846153846153847,0.9736263736263736,0.9649122807017544
55,normalized,5,0.9802197802197802,0.9714285714285714,0.9649122807017544
55,normalized,7,0.978021978021978,0.9714285714285714,0.956140350877193
55,normalized,9,0.9736263736263736,0.9736263736263736,0.956140350877193
55,normalized,11,0.9758241758241758,0.967032967032967,0.9824561403508771
55,normalized,13,0.9714285714285714,0.9604395604395605,0.9824561403508771
55,normalized,15,0.967032967032967,0.9582417582417583,0.9824561403508771
55,normalized,17,0.9626373626373627,0.9560439560439561,0.9824561403508771
55,normalized,19,0.9582417582417583,0.9582417582417583,0.9649122807017544
55,normalized,21,0.9582417582417583,0.9582417582417583,0.9649122807017544
55,normalized,23,0.9582417582417583,0.9560439560439561,0.956140350877193
55,normalized,25,0.9582417582417583,0.9560439560439561,0.956140350877193
55,normalized,27,0.9582417582417583,0.9560439560439561,0.956140350877193
55,normalized,29,0.9560439560439561,0.9560439560439561,0.956140350877193
55,normalized,31,0.9560439560439561,0.9516483516483516,0.9473684210526315
55,normalized,33,0.9538461538461539,0.9538461538461539,0.9473684210526315
55,normalized,35,0.9560439560439561,0.9516483516483516,0.9473684210526315
55,normalized,37,0.9560439560439561,0.9538461538461539,0.9473684210526315
55,normalized,39,0.9560439560439561,0.9560439560439561,0.9473684210526315
55,normalized,41,0.9582417582417583,0.9560439560439561,0.9473684210526315
55,normalized,43,0.9560439560439561,0.9516483516483516,0.9473684210526315
55,normalized,45,0.9560439560439561,0.9538461538461539,0.9385964912280702
55,normalized,47,0.9538461538461539,0.9494505494505494,0.9473684210526315
55,normalized,49,0.9494505494505494,0.9494505494505494,0.9473684210526315
55,normalized,51,0.9560439560439561,0.9494505494505494,0.9385964912280702
55,raw,1,1.0,0.9384615384615385,0.8859649122807017
55,raw,3,0.9626373626373627,0.945054945054945,0.8859649122807017
55,raw,5,0.9582417582417583,0.9428571428571428,0.8859649122807017
55,raw,7,0.9494505494505494,0.9428571428571428,0.9035087719298246
55,raw,9,0.9494505494505494,0.9406593406593406,0.9298245614035088
55,raw,11,0.9406593406593406,0.9384615384615385,0.9210526315789473
55,raw,13,0.9472527472527472,0.9340659340659341,0.9210526315789473
55,raw,15,0.9428571428571428,0.9340659340659341,0.9122807017543859
55,raw,17,0.9340659340659341,0.9318681318681319,0.9122807017543859
55,raw,19,0.9362637362637363,0.9318681318681319,0.9122807017543859
55,raw,21,0.9318681318681319,0.9274725274725275,0.9122807017543859
55,raw,23,0.9318681318681319,0.9274725274725275,0.9122807017543859
55,raw,25,0.9318681318681319,0.9296703296703297,0.9035087719298246
55,raw,27,0.9296703296703297,0.9274725274725275,0.9035087719298246
55,raw,29,0.9318681318681319,0.9274725274725275,0.9035087719298246
55,raw,31,0.9274725274725275,0.9208791208791208,0.9035087719298246
55,raw,33,0.9230769230769231,0.9208791208791208,0.9035087719298246
55,raw,35,0.9230769230769231,0.9186813186813186,0.9035087719298246
55,raw,37,0.9252747252747253,0.9164835164835164,0.9035087719298246
55,raw,39,0.9230769230769231,0.9164835164835164,0.9035087719298246
55,raw,41,0.9208791208791208,0.9186813186813186,0.9035087719298246
55,raw,43,0.9208791208791208,0.9164835164835164,0.8947368421052632
55,raw,45,0.9252747252747253,0.9186813186813186,0.8947368421052632
55,raw,47,0.9252747252747253,0.9186813186813186,0.9035087719298246
55,raw,49,0.9230769230769231,0.9186813186813186,0.9035087719298246
55,raw,51,0.9208791208791208,0.9164835164835164,0.9035087719298246
56,normalized,1,1.0,0.9516483516483516,0.9736842105263158
56,normalized,3,0.9802197802197802,0.9582417582417583,0.9824561403508771
56,normalized,5,0.9714285714285714,0.9626373626373627,0.9912280701754386
56,normalized,7,0.9692307692307692,0.9582417582417583,0.9824561403508771
56,normalized,9,0.9648351648351648,0.9604395604395605,0.9649122807017544
56,normalized,11,0.9648351648351648,0.9604395604395605,0.9473684210526315
56,normalized,13,0.967032967032967,0.9648351648351648,0.9385964912280702
56,normalized,15,0.967032967032967,0.9648351648351648,0.9385964912280702
56,normalized,17,0.9692307692307692,0.9648351648351648,0.9473684210526315
56,normalized,19,0.967032967032967,0.967032967032967,0.9385964912280702
56,normalized,21,0.967032967032967,0.967032967032967,0.9473684210526315
56,normalized,23,0.967032967032967,0.9626373626373627,0.9473684210526315
56,normalized,25,0.9648351648351648,0.9604395604395605,0.9473684210526315
56,normalized,27,0.9648351648351648,0.9626373626373627,0.9473684210526315
56,normalized,29,0.9626373626373627,0.9582417582417583,0.9473684210526315
56,normalized,31,0.9582417582417583,0.9582417582417583,0.9473684210526315
56,normalized,33,0.9582417582417583,0.9560439560439561,0.9473684210526315
56,normalized,35,0.9582417582417583,0.9560439560439561,0.9473684210526315
56,normalized,37,0.9560439560439561,0.9560439560439561,0.9473684210526315
56,normalized,39,0.9560439560439561,0.9560439560439561,0.9473684210526315
56,normalized,41,0.9560439560439561,0.9560439560439561,0.9473684210526315
56,normalized,43,0.9560439560439561,0.9560439560439561,0.9473684210526315
56,normalized,45,0.9560439560439561,0.9560439560439561,0.9473684210526315
56,normalized,47,0.9560439560439561,0.9560439560439561,0.9473684210526315
56,normalized,49,0.9560439560439561,0.9560439560439561,0.9385964912280702
56,normalized,51,0.9560439560439561,0.9560439560439561,0.9385964912280702
56,raw,1,1.0,0.9098901098901099,0.9473684210526315
56,raw,3,0.9538461538461539,0.9164835164835164,0.9385964912280702
56,raw,5,0.9340659340659341,0.9230769230769231,0.956140350877193
56,raw,7,0.9362637362637363,0.9230769230769231,0.9649122807017544
56,raw,9,0.9318681318681319,0.9296703296703297,0.9736842105263158
56,raw,11,0.9296703296703297,0.9230769230769231,0.9649122807017544
56,raw,13,0.9252747252747253,0.9230769230769231,0.9649122807017544
56,raw,15,0.9252747252747253,0.9230769230769231,0.9649122807017544
56,raw,17,0.9252747252747253,0.9230769230769231,0.9649122807017544
56,raw,19,0.9252747252747253,0.9230769230769231,0.956140350877193
56,raw,21,0.9230769230769231,0.9208791208791208,0.9649122807017544
56,raw,23,0.9230769230769231,0.9208791208791208,0.9649122807017544
56,raw,25,0.9230769230769231,0.9208791208791208,0.956140350877193
56,raw,27,0.9208791208791208,0.9186813186813186,0.9473684210526315
56,raw,29,0.9230769230769231,0.9164835164835164,0.9473684210526315
56,raw,31,0.9186813186813186,0.9142857142857143,0.9473684210526315
56,raw,33,0.9230769230769231,0.9186813186813186,0.9473684210526315
56,raw,35,0.9186813186813186,0.9164835164835164,0.9473684210526315
56,raw,37,0.9164835164835164,0.9142857142857143,0.9473684210526315
56,raw,39,0.9186813186813186,0.9164835164835164,0.9473684210526315
56,raw,41,0.9186813186813186,0.9120879120879121,0.9473684210526315
56,raw,43,0.9142857142857143,0.9098901098901099,0.9473684210526315
56,raw,45,0.9142857142857143,0.9076923076923077,0.9473684210526315
56,raw,47,0.9098901098901099,0.9098901098901099,0.9473684210526315
56,raw,49,0.9142857142857143,0.9098901098901099,0.9385964912280702
56,raw,51,0.9120879120879121,0.9054945054945055,0.9385964912280702
57,normalized,1,1.0,0.9582417582417583,0.9210526315789473
57,normalized,3,0.9846153846153847,0.9648351648351648,0.9736842105263158
57,normalized,5,0.9758241758241758,0.9626373626373627,0.9736842105263158
57,normalized,7,0.978021978021978,0.9758241758241758,0.9649122807017544
57,normalized,9,0.978021978021978,0.9758241758241758,0.9649122807017544
57,normalized,11,0.978021978021978,0.9714285714285714,0.9736842105263158
57,normalized,13,0.9714285714285714,0.9582417582417583,0.9824561403508771
57,normalized,15,0.9692307692307692,0.9648351648351648,0.9736842105263158
57,normalized,17,0.9648351648351648,0.9648351648351648,0.9824561403508771
57,normalized,19,0.9648351648351648,0.9604395604395605,0.9649122807017544
57,normalized,21,0.9648351648351648,0.9604395604395605,0.9473684210526315
57,normalized,23,0.9604395604395605,0.9582417582417583,0.956140350877193
57,normalized,25,0.9604395604395605,0.9560439560439561,0.9649122807017544
57,normalized,27,0.9604395604395605,0.9560439560439561,0.9649122807017544
57,normalized,29,0.9560439560439561,0.9560439560439561,0.956140350877193
57,normalized,31,0.9560439560439561,0.9560439560439561,0.956140350877193
57,normalized,33,0.9560439560439561,0.9560439560439561,0.956140350877193
57,normalized,35,0.9560439560439561,0.9538461538461539,0.956140350877193
57,normalized,37,0.9560439560439561,0.9560439560439561,0.956140350877193
57,normalized,39,0.9560439560439561,0.9560439560439561,0.956140350877193
57,normalized,41,0.9560439560439561,0.9560439560439561,0.956140350877193
57,normalized,43,0.9560439560439561,0.9560439560439561,0.956140350877193
57,normalized,45,0.9560439560439561,0.9538461538461539,0.956140350877193
57,normalized,47,0.9560439560439561,0.9516483516483516,0.956140350877193
57,normalized,49,0.9560439560439561,0.9538461538461539,0.9473684210526315
57,normalized,51,0.9560439560439561,0.9538461538461539,0.9473684210526315
57,raw,1,1.0,0.8989010989010989,0.9649122807017544
57,raw,3,0.9538461538461539,0.9252747252747253,0.9385964912280702
57,raw,5,0.9516483516483516,0.9186813186813186,0.9385964912280702
57,raw,7,0.9384615384615385,0.9230769230769231,0.9210526315789473
57,raw,9,0.9384615384615385,0.9230769230769231,0.9210526315789473
57,raw,11,0.9340659340659341,0.9296703296703297,0.9210526315789473
57,raw,13,0.9362637362637363,0.9296703296703297,0.9298245614035088
57,raw,15,0.9362637362637363,0.9252747252747253,0.9210526315789473
57,raw,17,0.9340659340659341,0.9318681318681319,0.9298245614035088
57,raw,19,0.9340659340659341,0.9318681318681319,0.9298245614035088
57,raw,21,0.9340659340659341,0.9274725274725275,0.9298245614035088
57,raw,23,0.9296703296703297,0.9296703296703297,0.9298245614035088
57,raw,25,0.9318681318681319,0.9296703296703297,0.9298245614035088
57,raw,27,0.9340659340659341,0.9296703296703297,0.9210526315789473
57,raw,29,0.9296703296703297,0.9252747252747253,0.9210526315789473
57,raw,31,0.9252747252747253,0.9230769230769231,0.9122807017543859
57,raw,33,0.9252747252747253,0.9230769230769231,0.9122807017543859
57,raw,35,0.9230769230769231,0.9230769230769231,0.9122807017543859
57,raw,37,0.9274725274725275,0.9230769230769231,0.9210526315789473
57,raw,39,0.9274725274725275,0.9252747252747253,0.9122807017543859
57,raw,41,0.9274725274725275,0.9252747252747253,0.9122807017543859
57,raw,43,0.9274725274725275,0.9208791208791208,0.9122807017543859
57,raw,45,0.9230769230769231,0.9186813186813186,0.9122807017543859
57,raw,47,0.9208791208791208,0.9186813186813186,0.9122807017543859
57,raw,49,0.9208791208791208,0.9186813186813186,0.9035087719298246
57,raw,51,0.9186813186813186,0.9164835164835164,0.9122807017543859
58,normalized,1,1.0,0.9648351648351648,0.9298245614035088
58,normalized,3,0.9912087912087912,0.9846153846153847,0.9385964912280702
58,normalized,5,0.989010989010989,0.9846153846153847,0.9298245614035088
58,normalized,7,0.989010989010989,0.9824175824175824,0.9210526315789473
58,normalized,9,0.9868131868131869,0.9846153846153847,0.9298245614035088
58,normalized,11,0.9846153846153847,0.9824175824175824,0.9298245614035088
58,normalized,13,0.9868131868131869,0.9758241758241758,0.9385964912280702
58,normalized,15,0.978021978021978,0.9736263736263736,0.9298245614035088
58,normalized,17,0.9736263736263736,0.9692307692307692,0.9385964912280702
58,normalized,19,0.9736263736263736,0.967032967032967,0.9298245614035088
58,normalized,21,0.9692307692307692,0.967032967032967,0.9298245614035088
58,normalized,23,0.9736263736263736,0.9626373626373627,0.9298245614035088
58,normalized,25,0.9648351648351648,0.9604395604395605,0.9298245614035088
58,normalized,27,0.9626373626373627,0.9604395604395605,0.9298245614035088
58,normalized,29,0.9604395604395605,0.9538461538461539,0.9298245614035088
58,normalized,31,0.9538461538461539,0.9538461538461539,0.9298245614035088
58,normalized,33,0.9538461538461539,0.9538461538461539,0.9298245614035088
58,normalized,35,0.9560439560439561,0.9560439560439561,0.9298245614035088
58,normalized,37,0.9560439560439561,0.9560439560439561,0.9298245614035088
58,normalized,39,0.9560439560439561,0.9560439560439561,0.9298245614035088
58,normalized,41,0.9560439560439561,0.9560439560439561,0.9298245614035088
58,normalized,43,0.9560439560439561,0.9560439560439561,0.9298245614035088
58,normalized,45,0.9582417582417583,0.9560439560439561,0.9385964912280702
58,normalized,47,0.9560439560439561,0.9538461538461539,0.9385964912280702
58,normalized,49,0.9538461538461539,0.9538461538461539,0.9385964912280702
58,normalized,51,0.9538461538461539,0.9538461538461539,0.9210526315789473
58,raw,1,1.0,0.9274725274725275,0.8596491228070176
58,raw,3,0.967032967032967,0.9340659340659341,0.8947368421052632
58,raw,5,0.9582417582417583,0.9296703296703297,0.9122807017543859
58,raw,7,0.9494505494505494,0.9340659340659341,0.9210526315789473
58,raw,9,0.9472527472527472,0.9362637362637363,0.9210526315789473
58,raw,11,0.9472527472527472,0.9340659340659341,0.9210526315789473
58,raw,13,0.9406593406593406,0.9318681318681319,0.9210526315789473
58,raw,15,0.9362637362637363,0.9318681318681319,0.9210526315789473
58,raw,17,0.9340659340659341,0.9296703296703297,0.9210526315789473
58,raw,19,0.9362637362637363,0.9318681318681319,0.9210526315789473
58,raw,21,0.9362637362637363,0.9274725274725275,0.9122807017543859
58,raw,23,0.9296703296703297,0.9230769230769231,0.9122807017543859
58,raw,25,0.9252747252747253,0.9252747252747253,0.9035087719298246
58,raw,27,0.9274725274725275,0.9252747252747253,0.9035087719298246
58,raw,29,0.9274725274725275,0.9252747252747253,0.9035087719298246
58,raw,31,0.9274725274725275,0.9230769230769231,0.9035087719298246
58,raw,33,0.9230769230769231,0.9230769230769231,0.9035087719298246
58,raw,35,0.9274725274725275,0.9252747252747253,0.8947368421052632
58,raw,37,0.9252747252747253,0.9186813186813186,0.8947368421052632
58,raw,39,0.9208791208791208,0.9208791208791208,0.8947368421052632
58,raw,41,0.9208791208791208,0.9186813186813186,0.9035087719298246
58,raw,43,0.9208791208791208,0.9186813186813186,0.9210526315789473
58,raw,45,0.9186813186813186,0.9186813186813186,0.9210526315789473
58,raw,47,0.9186813186813186,0.9186813186813186,0.9122807017543859
58,raw,49,0.9186813186813186,0.9186813186813186,0.9122807017543859
58,raw,51,0.9252747252747253,0.9120879120879121,0.9210526315789473
59,normalized,1,1.0,0.9472527472527472,0.9649122807017544
59,normalized,3,0.9846153846153847,0.967032967032967,0.9736842105263158
59,normalized,5,0.9758241758241758,0.9626373626373627,0.9473684210526315
59,normalized,7,0.9736263736263736,0.9692307692307692,0.956140350877193
59,normalized,9,0.9758241758241758,0.9714285714285714,0.9649122807017544
59,normalized,11,0.9758241758241758,0.9714285714285714,0.9649122807017544
59,normalized,13,0.9758241758241758,0.967032967032967,0.9649122807017544
59,normalized,15,0.9692307692307692,0.9626373626373627,0.9649122807017544
59,normalized,17,0.9626373626373627,0.9604395604395605,0.9649122807017544
59,normalized,19,0.9648351648351648,0.9582417582417583,0.9736842105263158
59,normalized,21,0.9604395604395605,0.9582417582417583,0.9736842105263158
59,normalized,23,0.9582417582417583,0.9582417582417583,0.9736842105263158
59,normalized,25,0.9582417582417583,0.9560439560439561,0.9824561403508771
59,normalized,27,0.9560439560439561,0.9538461538461539,0.956140350877193
59,normalized,29,0.9582417582417583,0.9538461538461539,0.9649122807017544
59,normalized,31,0.9538461538461539,0.9516483516483516,0.9649122807017544
59,normalized,33,0.9516483516483516,0.9516483516483516,0.9649122807017544
59,normalized,35,0.9516483516483516,0.9516483516483516,0.9649122807017544
59,normalized,37,0.9516483516483516,0.9516483516483516,0.9649122807017544
59,normalized,39,0.9516483516483516,0.9516483516483516,0.9649122807017544
59,normalized,41,0.9516483516483516,0.9516483516483516,0.9649122807017544
59,normalized,43,0.9516483516483516,0.9516483516483516,0.9649122807017544
59,normalized,45,0.9516483516483516,0.9494505494505494,0.9649122807017544
59,normalized,47,0.9494505494505494,0.9472527472527472,0.956140350877193
59,normalized,49,0.9494505494505494,0.9494505494505494,0.9473684210526315
59,normalized,51,0.9516483516483516,0.9516483516483516,0.9473684210526315
59,raw,1,1.0,0.9208791208791208,0.8771929824561403
59,raw,3,0.9582417582417583,0.9318681318681319,0.9122807017543859
59,raw,5,0.945054945054945,0.9384615384615385,0.9122807017543859
59,raw,7,0.9494505494505494,0.945054945054945,0.9122807017543859
59,raw,9,0.9516483516483516,0.9428571428571428,0.9122807017543859
59,raw,11,0.9472527472527472,0.9428571428571428,0.9122807017543859
59,raw,13,0.9516483516483516,0.9362637362637363,0.9035087719298246
59,raw,15,0.9428571428571428,0.9318681318681319,0.9122807017543859
59,raw,17,0.9340659340659341,0.9318681318681319,0.9035087719298246
59,raw,19,0.9362637362637363,0.9340659340659341,0.9035087719298246
59,raw,21,0.9340659340659341,0.9296703296703297,0.9035087719298246
59,raw,23,0.9296703296703297,0.9296703296703297,0.9035087719298246
59,raw,25,0.9296703296703297,0.9274725274725275,0.9035087719298246
59,raw,27,0.9274725274725275,0.9274725274725275,0.8947368421052632
59,raw,29,0.9274725274725275,0.9274725274725275,0.8947368421052632
59,raw,31,0.9274725274725275,0.9274725274725275,0.8859649122807017
59,raw,33,0.9274725274725275,0.9230769230769231,0.8859649122807017
59,raw,35,0.9274725274725275,0.9230769230769231,0.8859649122807017
59,raw,37,0.9274725274725275,0.9252747252747253,0.8859649122807017
59,raw,39,0.9252747252747253,0.9230769230769231,0.8859649122807017
59,raw,41,0.9230769230769231,0.9230769230769231,0.8859649122807017
59,raw,43,0.9252747252747253,0.9230769230769231,0.8771929824561403
59,raw,45,0.9274725274725275,0.9230769230769231,0.8771929824561403
59,raw,47,0.9252747252747253,0.9252747252747253,0.8771929824561403
59,raw,49,0.9274725274725275,0.9230769230769231,0.8859649122807017
59,raw,51,0.9274725274725275,0.9230769230769231,0.8859649122807017
60,normalized,1,1.0,0.9428571428571428,0.956140350877193
60,normalized,3,0.9758241758241758,0.967032967032967,0.9736842105263158
60,normalized,5,0.9758241758241758,0.9714285714285714,0.9736842105263158
60,normalized,7,0.9736263736263736,0.9648351648351648,0.9649122807017544
60,normalized,9,0.978021978021978,0.967032967032967,0.9649122807017544
60,normalized,11,0.9714285714285714,0.9604395604395605,0.9736842105263158
60,normalized,13,0.967032967032967,0.9626373626373627,0.9912280701754386
60,normalized,15,0.967032967032967,0.9604395604395605,0.9912280701754386
60,normalized,17,0.9692307692307692,0.9604395604395605,0.9824561403508771
60,normalized,19,0.9626373626373627,0.9604395604395605,0.9824561403508771
60,normalized,21,0.9604395604395605,0.9582417582417583,0.9824561403508771
60,normalized,23,0.9604395604395605,0.9582417582417583,0.9824561403508771
60,normalized,25,0.9604395604395605,0.9560439560439561,0.9736842105263158
60,normalized,27,0.9626373626373627,0.9604395604395605,0.9649122807017544
60,normalized,29,0.9648351648351648,0.9604395604395605,0.9649122807017544
60,normalized,31,0.9626373626373627,0.9604395604395605,0.956140350877193
60,normalized,33,0.9626373626373627,0.9582417582417583,0.9649122807017544
60,normalized,35,0.9604395604395605,0.9582417582417583,0.9649122807017544
60,normalized,37,0.9604395604395605,0.9560439560439561,0.9649122807017544
60,normalized,39,0.9582417582417583,0.9582417582417583,0.9649122807017544
60,normalized,41,0.9604395604395605,0.9560439560439561,0.9649122807017544
60,normalized,43,0.9582417582417583,0.9582417582417583,0.9649122807017544
60,normalized,45,0.9582417582417583,0.9560439560439561,0.9649122807017544
60,normalized,47,0.9604395604395605,0.9560439560439561,0.9649122807017544
60,normalized,49,0.9560439560439561,0.9560439560439561,0.9649122807017544
60,normalized,51,0.9582417582417583,0.9538461538461539,0.956140350877193
60,raw,1,1.0,0.9120879120879121,0.9035087719298246
60,raw,3,0.9582417582417583,0.9340659340659341,0.9210526315789473
60,raw,5,0.9494505494505494,0.9340659340659341,0.9210526315789473
60,raw,7,0.9472527472527472,0.9362637362637363,0.9035087719298246
60,raw,9,0.9406593406593406,0.9384615384615385,0.9035087719298246
60,raw,11,0.9384615384615385,0.9384615384615385,0.9035087719298246
60,raw,13,0.9428571428571428,0.9362637362637363,0.8947368421052632
60,raw,15,0.9406593406593406,0.9384615384615385,0.8947368421052632
60,raw,17,0.945054945054945,0.9406593406593406,0.8947368421052632
60,raw,19,0.9472527472527472,0.9384615384615385,0.8947368421052632
60,raw,21,0.9428571428571428,0.9428571428571428,0.8947368421052632
60,raw,23,0.9428571428571428,0.9362637362637363,0.8947368421052632
60,raw,25,0.9384615384615385,0.9362637362637363,0.9035087719298246
60,raw,27,0.9362637362637363,0.9318681318681319,0.9035087719298246
60,raw,29,0.9384615384615385,0.9296703296703297,0.9035087719298246
60,raw,31,0.9340659340659341,0.9252747252747253,0.9035087719298246
60,raw,33,0.9296703296703297,0.9230769230769231,0.9035087719298246
60,raw,35,0.9252747252747253,0.9230769230769231,0.9035087719298246
60,raw,37,0.9296703296703297,0.9208791208791208,0.9035087719298246
60,raw,39,0.9208791208791208,0.9186813186813186,0.9035087719298246
60,raw,41,0.9274725274725275,0.9208791208791208,0.9035087719298246
60,raw,43,0.9230769230769231,0.9186813186813186,0.9035087719298246
60,raw,45,0.9230769230769231,0.9230769230769231,0.9035087719298246
60,raw,47,0.9230769230769231,0.9186813186813186,0.9035087719298246
60,raw,49,0.9208791208791208,0.9164835164835164,0.9035087719298246
60,raw,51,0.9164835164835164,0.9164835164835164,0.9035087719298246
61,normalized,1,1.0,0.9538461538461539,0.9298245614035088
61,normalized,3,0.989010989010989,0.9736263736263736,0.956140350877193
61,normalized,5,0.978021978021978,0.9648351648351648,0.9736842105263158
61,normalized,7,0.9758241758241758,0.967032967032967,0.9736842105263158
61,normalized,9,0.978021978021978,0.9692307692307692,0.9649122807017544
61,normalized,11,0.9758241758241758,0.9714285714285714,0.9473684210526315
61,normalized,13,0.9736263736263736,0.9648351648351648,0.9473684210526315
61,normalized,15,0.9692307692307692,0.9648351648351648,0.956140350877193
61,normalized,17,0.9692307692307692,0.967032967032967,0.9473684210526315
61,normalized,19,0.9692307692307692,0.9648351648351648,0.9385964912280702
61,normalized,21,0.967032967032967,0.967032967032967,0.9385964912280702
61,normalized,23,0.9692307692307692,0.9626373626373627,0.9385964912280702
61,normalized,25,0.967032967032967,0.9604395604395605,0.9385964912280702
61,normalized,27,0.9648351648351648,0.9604395604395605,0.9385964912280702
61,normalized,29,0.9626373626373627,0.9604395604395605,0.9385964912280702
61,normalized,31,0.9626373626373627,0.9604395604395605,0.9385964912280702
61,normalized,33,0.9626373626373627,0.9604395604395605,0.9385964912280702
61,normalized,35,0.9626373626373627,0.9604395604395605,0.9385964912280702
61,normalized,37,0.9626373626373627,0.9604395604395605,0.9385964912280702
61,normalized,39,0.9604395604395605,0.9604395604395605,0.9473684210526315
61,normalized,41,0.9604395604395605,0.9582417582417583,0.9385964912280702
61,normalized,43,0.9604395604395605,0.9582417582417583,0.9385964912280702
61,normalized,45,0.9582417582417583,0.9582417582417583,0.9385964912280702
61,normalized,47,0.9582417582417583,0.9582417582417583,0.9385964912280702
61,normalized,49,0.9582417582417583,0.9582417582417583,0.9385964912280702
61,normalized,51,0.9604395604395605,0.9604395604395605,0.9385964912280702
61,raw,1,1.0,0.9296703296703297,0.9035087719298246
61,raw,3,0.9626373626373627,0.9296703296703297,0.9035087719298246
61,raw,5,0.9516483516483516,0.9362637362637363,0.9122807017543859
61,raw,7,0.9516483516483516,0.9362637362637363,0.9122807017543859
61,raw,9,0.945054945054945,0.9384615384615385,0.9035087719298246
61,raw,11,0.9428571428571428,0.9406593406593406,0.8947368421052632
61,raw,13,0.9428571428571428,0.9428571428571428,0.8947368421052632
61,raw,15,0.9428571428571428,0.9428571428571428,0.8859649122807017
61,raw,17,0.9428571428571428,0.9406593406593406,0.8859649122807017
61,raw,19,0.945054945054945,0.9428571428571428,0.8859649122807017
61,raw,21,0.945054945054945,0.9406593406593406,0.8859649122807017
61,raw,23,0.945054945054945,0.9384615384615385,0.8859649122807017
61,raw,25,0.9406593406593406,0.9384615384615385,0.8859649122807017
61,raw,27,0.9428571428571428,0.9384615384615385,0.8771929824561403
61,raw,29,0.9406593406593406,0.9362637362637363,0.8771929824561403
61,raw,31,0.9362637362637363,0.9340659340659341,0.8771929824561403
61,raw,33,0.9340659340659341,0.9340659340659341,0.8771929824561403
61,raw,35,0.9340659340659341,0.9296703296703297,0.8771929824561403
61,raw,37,0.9318681318681319,0.9296703296703297,0.8771929824561403
61,raw,39,0.9296703296703297,0.9274725274725275,0.8771929824561403
61,raw,41,0.9340659340659341,0.9296703296703297,0.8771929824561403
61,raw,43,0.9296703296703297,0.9274725274725275,0.8771929824561403
61,raw,45,0.9296703296703297,0.9252747252747253,0.8771929824561403
61,raw,47,0.9296703296703297,0.9274725274725275,0.8771929824561403
61,raw,49,0.9274725274725275,0.9252747252747253,0.8859649122807017
61,raw,51,0.9274725274725275,0.9208791208791208,0.8859649122807017
