seed,variant,train_accuracy,test_accuracy,test_samples,test_correct,majority_baseline_accuracy,nodes,depth
42,entropy,1.0,0.9566473988439307,346,331,0.6994219653179191,357,6
42,gini,1.0,0.9508670520231214,346,329,0.6994219653179191,357,6
42,entropy_purity85,0.9934876989869754,0.9624277456647399,346,333,0.6994219653179191,299,6
43,entropy,1.0,0.9335260115606936,346,323,0.6994219653179191,338,6
43,gini,1.0,0.9335260115606936,346,323,0.6994219653179191,338,6
43,entropy_purity85,0.9942112879884226,0.9335260115606936,346,323,0.6994219653179191,284,6
44,entropy,1.0,0.9508670520231214,346,329,0.6994219653179191,345,6
44,gini,1.0,0.9508670520231214,346,329,0.6994219653179191,345,6
44,entropy_purity85,0.9942112879884226,0.9421965317919075,346,326,0.6994219653179191,294,6
45,entropy,1.0,0.9393063583815029,346,325,0.6994219653179191,335,6
45,gini,1.0,0.9393063583815029,346,325,0.6994219653179191,335,6
45,entropy_purity85,0.9949348769898697,0.9393063583815029,346,325,0.6994219653179191,290,6
46,entropy,1.0,0.9393063583815029,346,325,0.6994219653179191,344,6
46,gini,1.0,0.9393063583815029,346,325,0.6994219653179191,342,6
46,entropy_purity85,0.9927641099855282,0.9393063583815029,346,325,0.6994219653179191,285,6
47,entropy,1.0,0.9335260115606936,346,323,0.6994219653179191,341,6
47,gini,1.0,0.9335260115606936,346,323,0.6994219653179191,342,6
47,entropy_purity85,0.9949348769898697,0.9335260115606936,346,323,0.6994219653179191,295,6
48,entropy,1.0,0.9393063583815029,346,325,0.6994219653179191,325,6
48,gini,1.0,0.9393063583815029,346,325,0.6994219653179191,325,6
48,entropy_purity85,0.9978292329956585,0.9393063583815029,346,325,0.6994219653179191,306,6
49,entropy,1.0,0.9190751445086706,346,318,0.6994219653179191,341,6
49,gini,1.0,0.9104046242774566,346,315,0.6994219653179191,356,6
49,entropy_purity85,0.9949348769898697,0.9190751445086706,346,318,0.6994219653179191,295,6
50,entropy,1.0,0.9508670520231214,346,329,0.6994219653179191,342,6
50,gini,1.0,0.9508670520231214,346,329,0.6994219653179191,343,6
50,entropy_purity85,0.9942112879884226,0.9421965317919075,346,326,0.6994219653179191,293,6
51,entropy,1.0,0.9393063583815029,346,325,0.6994219653179191,317,6
51,gini,1.0,0.9393063583815029,346,325,0.6994219653179191,318,6
51,entropy_purity85,0.9978292329956585,0.9393063583815029,346,325,0.6994219653179191,299,6
52,entropy,1.0,0.9335260115606936,346,323,0.6994219653179191,340,6
52,gini,1.0,0.9364161849710982,346,324,0.6994219653179191,344,6
52,entropy_purity85,0.9949348769898697,0.9335260115606936,346,323,0.6994219653179191,292,6
53,entropy,1.0,0.9219653179190751,346,319,0.6994219653179191,341,6
53,gini,1.0,0.9190751445086706,346,318,0.6994219653179191,338,6
53,entropy_purity85,0.9949348769898697,0.9219653179190751,346,319,0.6994219653179191,295,6
54,entropy,1.0,0.953757225433526,346,330,0.6994219653179191,340,6
54,gini,1.0,0.953757225433526,346,330,0.6994219653179191,340,6
54,entropy_purity85,0.9949348769898697,0.9479768786127167,346,328,0.6994219653179191,301,6
55,entropy,1.0,0.9450867052023122,346,327,0.6994219653179191,351,6
55,gini,1.0,0.9277456647398844,346,321,0.6994219653179191,358,6
55,entropy_purity85,0.9934876989869754,0.9364161849710982,346,324,0.6994219653179191,293,6
56,entropy,1.0,0.9248554913294798,346,320,0.6994219653179191,337,6
56,gini,1.0,0.9335260115606936,346,323,0.6994219653179191,332,6
56,entropy_purity85,0.9942112879884226,0.9248554913294798,346,320,0.6994219653179191,283,6
57,entropy,1.0,0.9450867052023122,346,327,0.6994219653179191,331,6
57,gini,1.0,0.9450867052023122,346,327,0.6994219653179191,333,6
57,entropy_purity85,0.9942112879884226,0.9450867052023122,346,327,0.6994219653179191,281,6
58,entropy,1.0,0.9277456647398844,346,321,0.6994219653179191,348,6
58,gini,1.0,0.9277456647398844,346,321,0.6994219653179191,348,6
58,entropy_purity85,0.9942112879884226,0.9277456647398844,346,321,0.6994219653179191,293,6
59,entropy,1.0,0.9421965317919075,346,326,0.6994219653179191,329,6
59,gini,1.0,0.9421965317919075,346,326,0.6994219653179191,329,6
59,entropy_purity85,0.9942112879884226,0.9421965317919075,346,326,0.6994219653179191,280,6
60,entropy,1.0,0.953757225433526,346,330,0.6994219653179191,354,6
60,gini,1.0,0.953757225433526,346,330,0.6994219653179191,354,6
60,entropy_purity85,0.9934876989869754,0.953757225433526,346,330,0.6994219653179191,293,6
61,entropy,1.0,0.9450867052023122,346,327,0.6994219653179191,355,6
61,gini,1.0,0.9450867052023122,346,327,0.6994219653179191,355,6
61,entropy_purity85,0.9934876989869754,0.9450867052023122,346,327,0.6994219653179191,297,6
62,entropy,1.0,0.9566473988439307,346,331,0.6994219653179191,368,6
62,gini,1.0,0.9479768786127167,346,328,0.6994219653179191,360,6
62,entropy_purity85,0.9927641099855282,0.9566473988439307,346,331,0.6994219653179191,302,6
63,entropy,1.0,0.9393063583815029,346,325,0.6994219653179191,333,6
63,gini,1.0,0.9393063583815029,346,325,0.6994219653179191,333,6
63,entropy_purity85,0.9956584659913169,0.9393063583815029,346,325,0.6994219653179191,294,6
64,entropy,1.0,0.9450867052023122,346,327,0.6994219653179191,341,6
64,gini,1.0,0.9421965317919075,346,326,0.6994219653179191,339,6
64,entropy_purity85,0.9949348769898697,0.9450867052023122,346,327,0.6994219653179191,293,6
65,entropy,1.0,0.9479768786127167,346,328,0.6994219653179191,343,6
65,gini,1.0,0.9479768786127167,346,328,0.6994219653179191,344,6
65,entropy_purity85,0.992040520984081,0.9335260115606936,346,323,0.6994219653179191,289,6
66,entropy,1.0,0.953757225433526,346,330,0.6994219653179191,352,6
66,gini,1.0,0.9508670520231214,346,329,0.6994219653179191,349,6
66,entropy_purity85,0.9942112879884226,0.953757225433526,346,330,0.6994219653179191,303,6
67,entropy,1.0,0.9132947976878613,346,316,0.6994219653179191,354,6
67,gini,1.0,0.9219653179190751,346,319,0.6994219653179191,348,6
67,entropy_purity85,0.9934876989869754,0.8988439306358381,346,311,0.6994219653179191,307,6
68,entropy,1.0,0.9335260115606936,346,323,0.6994219653179191,349,6
68,gini,1.0,0.9335260115606936,346,323,0.6994219653179191,350,6
68,entropy_purity85,0.9942112879884226,0.9335260115606936,346,323,0.6994219653179191,298,6
69,entropy,1.0,0.9479768786127167,346,328,0.6994219653179191,349,6
69,gini,1.0,0.9335260115606936,346,323,0.6994219653179191,358,6
69,entropy_purity85,0.9934876989869754,0.9479768786127167,346,328,0.6994219653179191,290,6
70,entropy,1.0,0.9595375722543352,346,332,0.6994219653179191,359,6
70,gini,1.0,0.9508670520231214,346,329,0.6994219653179191,367,6
70,entropy_purity85,0.9949348769898697,0.9653179190751445,346,334,0.6994219653179191,316,6
71,entropy,1.0,0.9393063583815029,346,325,0.6994219653179191,344,6
71,gini,1.0,0.9248554913294798,346,320,0.6994219653179191,349,6
71,entropy_purity85,0.9934876989869754,0.9393063583815029,346,325,0.6994219653179191,288,6
72,entropy,1.0,0.9393063583815029,346,325,0.6994219653179191,337,6
72,gini,1.0,0.9393063583815029,346,325,0.6994219653179191,338,6
72,entropy_purity85,0.9956584659913169,0.9393063583815029,346,325,0.6994219653179191,297,6
73,entropy,1.0,0.9075144508670521,346,314,0.6994219653179191,334,6
73,gini,1.0,0.9104046242774566,346,315,0.6994219653179191,348,6
73,entropy_purity85,0.9949348769898697,0.9161849710982659,346,317,0.6994219653179191,291,6
74,entropy,1.0,0.9421965317919075,346,326,0.6994219653179191,343,6
74,gini,1.0,0.9364161849710982,346,324,0.6994219653179191,354,6
74,entropy_purity85,0.9942112879884226,0.9479768786127167,346,328,0.6994219653179191,294,6
75,entropy,1.0,0.9277456647398844,346,321,0.6994219653179191,333,6
75,gini,1.0,0.9335260115606936,346,323,0.6994219653179191,334,6
75,entropy_purity85,0.9949348769898697,0.9277456647398844,346,321,0.6994219653179191,288,6
76,entropy,1.0,0.9190751445086706,346,318,0.6994219653179191,338,6
76,gini,1.0,0.9277456647398844,346,321,0.6994219653179191,344,6
76,entropy_purity85,0.9934876989869754,0.9364161849710982,346,324,0.6994219653179191,289,6
77,entropy,1.0,0.9075144508670521,346,314,0.6994219653179191,340,6
77,gini,1.0,0.8815028901734104,346,305,0.6994219653179191,341,6
77,entropy_purity85,0.9927641099855282,0.9132947976878613,346,316,0.6994219653179191,277,6
78,entropy,1.0,0.930635838150289,346,322,0.6994219653179191,315,6
78,gini,1.0,0.9364161849710982,346,324,0.6994219653179191,323,6
78,entropy_purity85,0.9963820549927641,0.9364161849710982,346,324,0.6994219653179191,286,6
79,entropy,1.0,0.9248554913294798,346,320,0.6994219653179191,335,6
79,gini,1.0,0.9132947976878613,346,316,0.6994219653179191,332,6
79,entropy_purity85,0.9942112879884226,0.930635838150289,346,322,0.6994219653179191,285,6
80,entropy,1.0,0.9132947976878613,346,316,0.6994219653179191,324,6
80,gini,1.0,0.9219653179190751,346,319,0.6994219653179191,323,6
80,entropy_purity85,0.9963820549927641,0.9132947976878613,346,316,0.6994219653179191,292,6
81,entropy,1.0,0.9450867052023122,346,327,0.6994219653179191,338,6
81,gini,1.0,0.9450867052023122,346,327,0.6994219653179191,338,6
81,entropy_purity85,0.9956584659913169,0.9450867052023122,346,327,0.6994219653179191,300,6
82,entropy,1.0,0.9364161849710982,346,324,0.6994219653179191,354,6
82,gini,1.0,0.9364161849710982,346,324,0.6994219653179191,354,6
82,entropy_purity85,0.9905933429811867,0.9219653179190751,346,319,0.6994219653179191,283,6
83,entropy,1.0,0.9335260115606936,346,323,0.6994219653179191,340,6
83,gini,1.0,0.9335260115606936,346,323,0.6994219653179191,340,6
83,entropy_purity85,0.9942112879884226,0.930635838150289,346,322,0.6994219653179191,293,6
84,entropy,1.0,0.9190751445086706,346,318,0.6994219653179191,351,6
84,gini,1.0,0.9190751445086706,346,318,0.6994219653179191,351,6
84,entropy_purity85,0.9949348769898697,0.9248554913294798,346,320,0.6994219653179191,307,6
85,entropy,1.0,0.9132947976878613,346,316,0.6994219653179191,350,6
85,gini,1.0,0.9132947976878613,346,316,0.6994219653179191,349,6
85,entropy_purity85,0.9942112879884226,0.9219653179190751,346,319,0.6994219653179191,301,6
86,entropy,1.0,0.953757225433526,346,330,0.6994219653179191,347,6
86,gini,1.0,0.953757225433526,346,330,0.6994219653179191,341,6
86,entropy_purity85,0.9949348769898697,0.953757225433526,346,330,0.6994219653179191,300,6
87,entropy,1.0,0.9393063583815029,346,325,0.6994219653179191,333,6
87,gini,1.0,0.9393063583815029,346,325,0.6994219653179191,333,6
87,entropy_purity85,0.9956584659913169,0.9450867052023122,346,327,0.6994219653179191,296,6
88,entropy,1.0,0.9393063583815029,346,325,0.6994219653179191,331,6
88,gini,1.0,0.9364161849710982,346,324,0.6994219653179191,327,6
88,entropy_purity85,0.9942112879884226,0.9450867052023122,346,327,0.6994219653179191,285,6
89,entropy,1.0,0.9219653179190751,346,319,0.6994219653179191,323,6
89,gini,1.0,0.9219653179190751,346,319,0.6994219653179191,323,6
89,entropy_purity85,0.9949348769898697,0.9219653179190751,346,319,0.6994219653179191,278,6
90,entropy,1.0,0.9104046242774566,346,315,0.6994219653179191,338,6
90,gini,1.0,0.9104046242774566,346,315,0.6994219653179191,338,6
90,entropy_purity85,0.9934876989869754,0.9161849710982659,346,317,0.6994219653179191,283,6
91,entropy,1.0,0.9277456647398844,346,321,0.6994219653179191,324,6
91,gini,1.0,0.9277456647398844,346,321,0.6994219653179191,324,6
91,entropy_purity85,0.9956584659913169,0.9190751445086706,346,318,0.6994219653179191,288,6
92,entropy,1.0,0.9624277456647399,346,333,0.6994219653179191,356,6
92,gini,1.0,0.9624277456647399,346,333,0.6994219653179191,356,6
92,entropy_purity85,0.9956584659913169,0.9624277456647399,346,333,0.6994219653179191,318,6
93,entropy,1.0,0.9364161849710982,346,324,0.6994219653179191,336,6
93,gini,1.0,0.9364161849710982,346,324,0.6994219653179191,336,6
93,entropy_purity85,0.9949348769898697,0.9421965317919075,346,326,0.6994219653179191,292,6
94,entropy,1.0,0.9219653179190751,346,319,0.6994219653179191,341,6
94,gini,1.0,0.9248554913294798,346,320,0.6994219653179191,348,6
94,entropy_purity85,0.9949348769898697,0.9219653179190751,346,319,0.6994219653179191,294,6
95,entropy,1.0,0.9479768786127167,346,328,0.6994219653179191,363,6
95,gini,1.0,0.9479768786127167,346,328,0.6994219653179191,363,6
95,entropy_purity85,0.9927641099855282,0.9421965317919075,346,326,0.6994219653179191,303,6
96,entropy,1.0,0.930635838150289,346,322,0.6994219653179191,338,6
96,gini,1.0,0.930635838150289,346,322,0.6994219653179191,337,6
96,entropy_purity85,0.9956584659913169,0.930635838150289,346,322,0.6994219653179191,299,6
97,entropy,1.0,0.9421965317919075,346,326,0.6994219653179191,346,6
97,gini,1.0,0.9219653179190751,346,319,0.6994219653179191,347,6
97,entropy_purity85,0.9949348769898697,0.9421965317919075,346,326,0.6994219653179191,299,6
98,entropy,1.0,0.9161849710982659,346,317,0.6994219653179191,340,6
98,gini,1.0,0.9219653179190751,346,319,0.6994219653179191,333,6
98,entropy_purity85,0.9942112879884226,0.9219653179190751,346,319,0.6994219653179191,291,6
99,entropy,1.0,0.9364161849710982,346,324,0.6994219653179191,349,6
99,gini,1.0,0.9248554913294798,346,320,0.6994219653179191,344,6
99,entropy_purity85,0.9942112879884226,0.9364161849710982,346,324,0.6994219653179191,293,6
100,entropy,1.0,0.9421965317919075,346,326,0.6994219653179191,355,6
100,gini,1.0,0.9335260115606936,346,323,0.6994219653179191,347,6
100,entropy_purity85,0.9927641099855282,0.9421965317919075,346,326,0.6994219653179191,288,6
101,entropy,1.0,0.9595375722543352,346,332,0.6994219653179191,341,6
101,gini,1.0,0.9566473988439307,346,331,0.6994219653179191,339,6
101,entropy_purity85,0.9949348769898697,0.9595375722543352,346,332,0.6994219653179191,297,6
102,entropy,1.0,0.9335260115606936,346,323,0.6994219653179191,337,6
102,gini,1.0,0.930635838150289,346,322,0.6994219653179191,334,6
102,entropy_purity85,0.9942112879884226,0.9450867052023122,346,327,0.6994219653179191,289,6
103,entropy,1.0,0.9566473988439307,346,331,0.6994219653179191,348,6
103,gini,1.0,0.9566473988439307,346,331,0.6994219653179191,346,6
103,entropy_purity85,0.9942112879884226,0.9566473988439307,346,331,0.6994219653179191,297,6
104,entropy,1.0,0.930635838150289,346,322,0.6994219653179191,338,6
104,gini,1.0,0.9161849710982659,346,317,0.6994219653179191,343,6
104,entropy_purity85,0.9949348769898697,0.9479768786127167,346,328,0.6994219653179191,299,6
105,entropy,1.0,0.9393063583815029,346,325,0.6994219653179191,336,6
105,gini,1.0,0.9393063583815029,346,325,0.6994219653179191,337,6
105,entropy_purity85,0.9949348769898697,0.9479768786127167,346,328,0.6994219653179191,291,6
106,entropy,1.0,0.9421965317919075,346,326,0.6994219653179191,344,6
106,gini,1.0,0.9421965317919075,346,326,0.6994219653179191,343,6
106,entropy_purity85,0.9949348769898697,0.9421965317919075,346,326,0.6994219653179191,301,6
107,entropy,1.0,0.930635838150289,346,322,0.6994219653179191,331,6
107,gini,1.0,0.930635838150289,346,322,0.6994219653179191,329,6
107,entropy_purity85,0.9949348769898697,0.930635838150289,346,322,0.6994219653179191,284,6
108,entropy,1.0,0.9364161849710982,346,324,0.6994219653179191,347,6
108,gini,1.0,0.9393063583815029,346,325,0.6994219653179191,352,6
108,entropy_purity85,0.9934876989869754,0.9421965317919075,346,326,0.6994219653179191,291,6
109,entropy,1.0,0.9248554913294798,346,320,0.6994219653179191,339,6
109,gini,1.0,0.9335260115606936,346,323,0.6994219653179191,334,6
109,entropy_purity85,0.9942112879884226,0.9248554913294798,346,320,0.6994219653179191,286,6
110,entropy,1.0,0.9277456647398844,346,321,0.6994219653179191,358,6
110,gini,1.0,0.9277456647398844,346,321,0.6994219653179191,342,6
110,entropy_purity85,0.992040520984081,0.9248554913294798,346,320,0.6994219653179191,291,6
111,entropy,1.0,0.9219653179190751,346,319,0.6994219653179191,316,6
111,gini,1.0,0.9219653179190751,346,319,0.6994219653179191,314,6
111,entropy_purity85,0.9956584659913169,0.9277456647398844,346,321,0.6994219653179191,279,6
112,entropy,1.0,0.9595375722543352,346,332,0.6994219653179191,357,6
112,gini,1.0,0.9479768786127167,346,328,0.6994219653179191,352,6
112,entropy_purity85,0.9942112879884226,0.9595375722543352,346,332,0.6994219653179191,303,6
113,entropy,1.0,0.9364161849710982,346,324,0.6994219653179191,340,6
113,gini,1.0,0.9364161849710982,346,324,0.6994219653179191,339,6
113,entropy_purity85,0.9934876989869754,0.9421965317919075,346,326,0.6994219653179191,288,6
114,entropy,1.0,0.9335260115606936,346,323,0.6994219653179191,333,6
114,gini,1.0,0.9335260115606936,346,323,0.6994219653179191,333,6
114,entropy_purity85,0.9956584659913169,0.9393063583815029,346,325,0.6994219653179191,294,6
115,entropy,1.0,0.9393063583815029,346,325,0.6994219653179191,345,6
115,gini,1.0,0.9335260115606936,346,323,0.6994219653179191,338,6
115,entropy_purity85,0.9934876989869754,0.9450867052023122,346,327,0.6994219653179191,288,6
116,entropy,1.0,0.953757225433526,346,330,0.6994219653179191,354,6
116,gini,1.0,0.953757225433526,346,330,0.6994219653179191,355,6
116,entropy_purity85,0.9934876989869754,0.953757225433526,346,330,0.6994219653179191,294,6
117,entropy,1.0,0.9017341040462428,346,312,0.6994219653179191,344,6
117,gini,1.0,0.8901734104046243,346,308,0.6994219653179191,356,6
117,entropy_purity85,0.9949348769898697,0.9017341040462428,346,312,0.6994219653179191,301,6
118,entropy,1.0,0.9335260115606936,346,323,0.6994219653179191,351,6
118,gini,1.0,0.9335260115606936,346,323,0.6994219653179191,351,6
118,entropy_purity85,0.9942112879884226,0.9393063583815029,346,325,0.6994219653179191,299,6
119,entropy,1.0,0.930635838150289,346,322,0.6994219653179191,346,6
119,gini,1.0,0.930635838150289,346,322,0.6994219653179191,341,6
119,entropy_purity85,0.9942112879884226,0.9364161849710982,346,324,0.6994219653179191,295,6
120,entropy,1.0,0.9421965317919075,346,326,0.6994219653179191,333,6
120,gini,1.0,0.9421965317919075,346,326,0.6994219653179191,333,6
120,entropy_purity85,0.9956584659913169,0.9421965317919075,346,326,0.6994219653179191,295,6
121,entropy,1.0,0.9248554913294798,346,320,0.6994219653179191,345,6
121,gini,1.0,0.9364161849710982,346,324,0.6994219653179191,345,6
121,entropy_purity85,0.9949348769898697,0.9248554913294798,346,320,0.6994219653179191,298,6
122,entropy,1.0,0.9479768786127167,346,328,0.6994219653179191,341,6
122,gini,1.0,0.9479768786127167,346,328,0.6994219653179191,341,6
122,entropy_purity85,0.9949348769898697,0.9479768786127167,346,328,0.6994219653179191,296,6
123,entropy,1.0,0.9190751445086706,346,318,0.6994219653179191,344,6
123,gini,1.0,0.930635838150289,346,322,0.6994219653179191,339,6
123,entropy_purity85,0.9934876989869754,0.9277456647398844,346,321,0.6994219653179191,287,6
124,entropy,1.0,0.9450867052023122,346,327,0.6994219653179191,343,6
124,gini,1.0,0.9450867052023122,346,327,0.6994219653179191,347,6
124,entropy_purity85,0.9949348769898697,0.9450867052023122,346,327,0.6994219653179191,297,6
125,entropy,1.0,0.9364161849710982,346,324,0.6994219653179191,339,6
125,gini,1.0,0.9450867052023122,346,327,0.6994219653179191,351,6
125,entropy_purity85,0.9942112879884226,0.9421965317919075,346,326,0.6994219653179191,291,6
126,entropy,1.0,0.9364161849710982,346,324,0.6994219653179191,365,6
126,gini,1.0,0.9219653179190751,346,319,0.6994219653179191,365,6
126,entropy_purity85,0.9927641099855282,0.9364161849710982,346,324,0.6994219653179191,300,6
127,entropy,1.0,0.9421965317919075,346,326,0.6994219653179191,336,6
127,gini,1.0,0.9421965317919075,346,326,0.6994219653179191,336,6
127,entropy_purity85,0.9942112879884226,0.9364161849710982,346,324,0.6994219653179191,297,6
128,entropy,1.0,0.9104046242774566,346,315,0.6994219653179191,343,6
128,gini,1.0,0.9104046242774566,346,315,0.6994219653179191,342,6
128,entropy_purity85,0.9942112879884226,0.9161849710982659,346,317,0.6994219653179191,290,6
129,entropy,1.0,0.9653179190751445,346,334,0.6994219653179191,367,6
129,gini,1.0,0.9479768786127167,346,328,0.6994219653179191,375,6
129,entropy_purity85,0.9942112879884226,0.9653179190751445,346,334,0.6994219653179191,314,6
130,entropy,1.0,0.930635838150289,346,322,0.6994219653179191,333,6
130,gini,1.0,0.930635838150289,346,322,0.6994219653179191,333,6
130,entropy_purity85,0.9942112879884226,0.930635838150289,346,322,0.6994219653179191,281,6
131,entropy,1.0,0.9277456647398844,346,321,0.6994219653179191,317,6
131,gini,1.0,0.9277456647398844,346,321,0.6994219653179191,317,6
131,entropy_purity85,0.9971056439942113,0.9277456647398844,346,321,0.6994219653179191,294,6
132,entropy,1.0,0.9335260115606936,346,323,0.6994219653179191,347,6
132,gini,1.0,0.9335260115606936,346,323,0.6994219653179191,347,6
132,entropy_purity85,0.9934876989869754,0.9393063583815029,346,325,0.6994219653179191,291,6
133,entropy,1.0,0.9421965317919075,346,326,0.6994219653179191,348,6
133,gini,1.0,0.930635838150289,346,322,0.6994219653179191,360,6
133,entropy_purity85,0.9942112879884226,0.9479768786127167,346,328,0.6994219653179191,300,6
134,entropy,1.0,0.9508670520231214,346,329,0.6994219653179191,365,6
134,gini,1.0,0.9393063583815029,346,325,0.6994219653179191,357,6
134,entropy_purity85,0.9934876989869754,0.9508670520231214,346,329,0.6994219653179191,308,6
135,entropy,1.0,0.9364161849710982,346,324,0.6994219653179191,346,6
135,gini,1.0,0.9364161849710982,346,324,0.6994219653179191,344,6
135,entropy_purity85,0.9927641099855282,0.9364161849710982,346,324,0.6994219653179191,280,6
136,entropy,1.0,0.953757225433526,346,330,0.6994219653179191,351,6
136,gini,1.0,0.9421965317919075,346,326,0.6994219653179191,362,6
136,entropy_purity85,0.9942112879884226,0.9595375722543352,346,332,0.6994219653179191,306,6
137,entropy,1.0,0.9104046242774566,346,315,0.6994219653179191,332,6
137,gini,1.0,0.9104046242774566,346,315,0.6994219653179191,332,6
137,entropy_purity85,0.9942112879884226,0.9190751445086706,346,318,0.6994219653179191,282,6
138,entropy,1.0,0.9248554913294798,346,320,0.6994219653179191,351,6
138,gini,1.0,0.9393063583815029,346,325,0.6994219653179191,342,6
138,entropy_purity85,0.9934876989869754,0.930635838150289,346,322,0.6994219653179191,291,6
139,entropy,1.0,0.9479768786127167,346,328,0.6994219653179191,330,6
139,gini,1.0,0.9479768786127167,346,328,0.6994219653179191,330,6
139,entropy_purity85,0.9956584659913169,0.9393063583815029,346,325,0.6994219653179191,294,6
140,entropy,1.0,0.9508670520231214,346,329,0.6994219653179191,344,6
140,gini,1.0,0.9479768786127167,346,328,0.6994219653179191,361,6
140,entropy_purity85,0.9949348769898697,0.9508670520231214,346,329,0.6994219653179191,296,6
141,entropy,1.0,0.9508670520231214,346,329,0.6994219653179191,350,6
141,gini,1.0,0.9479768786127167,346,328,0.6994219653179191,344,6
141,entropy_purity85,0.9942112879884226,0.9566473988439307,346,331,0.6994219653179191,304,6
