accepted_iteration,regularized_training_loss
0,6.703986165469245
1,3.325514367842111
2,3.237331063605255
3,2.4732716126480287
4,2.034657200694873
5,1.9031566225199759
6,1.7097434571242363
7,1.3473883644554274
8,1.2177557091847893
9,1.1560232484783055
10,0.9740869407060962
11,0.8844703960420389
12,0.8396828822967745
13,0.7795780573908744
14,0.7309485309568836
15,0.7100736079502229
16,0.6809388995292279
17,0.6510416346810527
18,0.6042098659534886
19,0.5721542355852095
20,0.5192669312761262
21,0.4720576395658443
22,0.4430192779140442
23,0.4107465524909274
24,0.3924326111604008
25,0.3637109340355447
26,0.35033119987970474
27,0.33760556991319995
28,0.32881723195220974
29,0.31935926640482826
30,0.3130740293299954
31,0.30535069869386394
32,0.3003161302436198
33,0.2948285582602022
34,0.28890493374184734
35,0.28179103984402143
36,0.26711683509369194
37,0.22474959139402514
38,0.21469135853068913
39,0.21265259232813188
40,0.210312084885593
41,0.20785146164710444
42,0.20515511397910288
43,0.20289614293398114
44,0.19900331604767715
45,0.19613557128849518
46,0.19270951269644113
47,0.19128145237495905
48,0.1866720961095884
49,0.1809124063888281
50,0.17595812256818177
51,0.1744657383824745
52,0.17091285630682648
53,0.16922775117512473
54,0.1662426848289404
55,0.16435760369248853
56,0.15713514124675837
57,0.15359467837172902
58,0.15186790054703236
59,0.15098973135057525
60,0.1503693409951165
61,0.14951808364953773
62,0.14907481933940114
63,0.14884468707151888
64,0.1485217119534738
65,0.14780841390850763
66,0.1458990399039976
67,0.1430803489133757
68,0.13921120340156556
69,0.13667075388387617
70,0.1349963124724584
71,0.13443168647206474
72,0.1338089002057609
73,0.13340776519726852
74,0.13298398170692274
75,0.13272259166832248
76,0.13259521140848612
77,0.13228339056426724
78,0.1321862083822065
79,0.13207989958889593
80,0.13192359960860633
81,0.13166761395051652
82,0.1313984452065079
83,0.13115643611145558
84,0.1308322437080132
85,0.1303104581581692
86,0.12967159705005155
87,0.1292918173263197
88,0.1287105830213478
89,0.12841657021419522
90,0.12814676302462644
91,0.12789572234174737
92,0.12738252261339994
93,0.12696413479904367
94,0.12657405509620717
95,0.12621617997895515
96,0.12579122497995515
97,0.1255683241351152
98,0.12539444001586125
99,0.1251588290722132
100,0.12497725277212147
101,0.12484899253560243
102,0.12466161106009394
103,0.12443633139974872
104,0.1243212009838113
105,0.12425103863143751
106,0.12414468765217333
107,0.12407289374850734
108,0.12400452781076815
109,0.1239083822007136
110,0.12381680814378382
111,0.12373445771549521
112,0.1236166014233775
113,0.1234459198744262
114,0.12329659456557729
115,0.12309406139964633
116,0.12298091950469803
117,0.12293086883964627
118,0.12289579598222691
119,0.1228476788992247
120,0.12279957395277913
121,0.12275533045948142
122,0.12271920254044102
123,0.12268169024744591
124,0.12261309098038974
125,0.12254014547766073
126,0.12247210206937191
127,0.1224154518955762
128,0.12236795863400943
129,0.12227624289174009
130,0.12218601701440535
131,0.12203467614709579
132,0.1219247217944742
133,0.12178575612753201
134,0.12167585637038368
135,0.12136310119111696
136,0.12122230352537697
137,0.12112821569754575
138,0.12108444875082633
139,0.12101634408401786
140,0.12095895485410249
141,0.12092485292351748
142,0.12089592049355952
143,0.120856130735774
144,0.12082635432449365
145,0.12077148144984083
146,0.12074483024573424
147,0.12070026738863925
148,0.12066073046885005
149,0.12059502418176367
150,0.12056398269931874
